"","1","2"
"aaron",0,1
"abandoning",0,1
"abc",0,4
"abhor",0,1
"abiding",0,12
"abidingâ",0,1
"ability",0,2
"able",0,20
"abnormal",0,1
"abou",0,1
"about",0,2
"abroad",0,1
"absolute",0,3
"absolutely",0,7
"absurd",0,2
"abuse",0,3
"abusersâ",0,1
"academic",0,1
"academy",0,1
"accept",0,4
"acceptance",0,1
"access",0,13
"accessible",0,1
"accident",0,5
"accidental",0,1
"accidently",0,1
"accidents",0,6
"accomplice",0,1
"accomplish",0,2
"accomplished",0,2
"according",0,2
"account",0,5
"accounts",0,3
"accout",0,1
"accumulated",0,1
"accurate",0,1
"acess",0,1
"achieve",0,1
"achievennall",0,1
"acknowledge",0,2
"acknowledges",0,1
"acoustic",0,1
"acquire",0,4
"acquiring",0,2
"across",0,5
"acrossâ",0,1
"acrual",0,1
"act",0,21
"acting",0,4
"action",0,5
"actions",0,5
"actionâ",0,1
"active",0,13
"actively",0,2
"activist",0,1
"activity",0,2
"actors",0,5
"acts",0,4
"actual",0,7
"actually",0,72
"adam",0,2
"adamantly",0,1
"adams",0,1
"adamsâ",0,2
"adan",0,2
"add",0,9
"added",0,1
"addict",0,1
"adding",0,2
"addition",0,2
"address",0,3
"addressed",0,1
"addressing",0,1
"admit",0,6
"admitting",0,1
"adomaviäudius",0,1
"adult",0,4
"adults",0,1
"adultsnhttpenwikipediaorgwikilistofschoolshootingsintheunitedstateslistofusschoolattacksnnthis",0,1
"advance",0,3
"adverts",0,1
"advise",0,1
"advocate",0,2
"aero",0,1
"affect",0,3
"affected",0,1
"affects",0,1
"afford",0,4
"afraid",0,2
"africa",0,6
"african",0,1
"africans",0,1
"after",0,5
"afterwards",0,1
"again",0,2
"agains",0,2
"age",0,5
"agencies",0,2
"agency",0,1
"agenda",0,2
"agent",0,1
"agentschina",0,1
"agentwashingtub",0,1
"ages",0,2
"aggression",0,1
"agin",0,1
"aging",0,1
"agirlally",0,1
"ago",0,19
"agree",0,14
"agreement",0,1
"ahahahahahahah",0,1
"ahangari",0,2
"ahead",0,1
"ahh",0,2
"ahhhh",0,1
"ahhhhhhamerica",0,1
"ahlie",0,1
"ahold",0,1
"aight",0,1
"ailish",0,1
"ailments",0,1
"aim",0,6
"aiming",0,1
"aims",0,1
"aint",0,10
"air",0,1
"airplanes",0,1
"airport",0,1
"airsoft",0,1
"akbar",0,1
"akin",0,1
"aks",0,3
"akâ",0,1
"alarm",0,9
"albeit",0,3
"album",0,1
"alcohol",0,29
"alcoholic",0,1
"alcoholnban",0,1
"alcoholâ",0,1
"alerting",0,1
"alertâ",0,2
"alex",0,2
"alexander",0,1
"alice",0,3
"aliens",0,2
"align",0,1
"aligning",0,1
"alike",0,1
"alina",0,1
"alive",0,6
"all",0,38
"allahu",0,1
"allart",0,2
"allocate",0,1
"allow",0,8
"allowed",0,17
"allowing",0,3
"almost",0,31
"alone",0,6
"along",0,5
"alot",0,3
"aloud",0,2
"already",0,25
"alreadynd",0,1
"also",0,42
"alternative",0,1
"although",0,2
"always",0,38
"amazes",0,1
"amazing",0,4
"ambulances",0,1
"ambush",0,1
"ameica",0,1
"amen",0,1
"amendment",0,29
"amendmented",0,1
"amendmentâ",0,1
"america",0,89
"american",0,31
"americanhi",0,1
"americannkinder",0,1
"americannrespectfullynnot",0,1
"americans",0,39
"americansâ",0,1
"americas",0,4
"americawow",0,1
"americaâ",0,1
"americunts",0,1
"aminals",0,1
"aminalsâ",0,1
"amish",0,2
"ammendment",0,2
"ammo",0,2
"ammonium",0,1
"ammos",0,1
"ammoâ",0,1
"ammunition",0,3
"among",0,3
"amongst",0,1
"amount",0,14
"amounts",0,2
"amusing",0,1
"ana",0,1
"analogy",0,2
"analysis",0,1
"analyzed",0,1
"analyzing",0,1
"and",0,83
"anddrug",0,1
"andi",0,1
"andnthat",0,1
"andwe",0,1
"anecdote",0,1
"angeles",0,1
"anger",0,3
"angered",0,1
"angernnyou",0,1
"angie",0,1
"angry",0,7
"angus",0,2
"animals",0,2
"animalsâ",0,1
"anja",0,1
"announce",0,4
"announced",0,1
"announcement",0,2
"announcements",0,3
"annoying",0,4
"annoyng",0,1
"annoys",0,1
"anonymous",0,1
"another",0,26
"anothernnand",0,1
"anout",0,1
"answer",0,4
"answered",0,1
"answers",0,1
"anthony",0,1
"anthor",0,1
"anti",0,4
"antiamerican",0,1
"antiamericanamerica",0,1
"anticommunists",0,1
"antigun",0,3
"antisocial",0,1
"antiwhite",0,1
"antonio",0,1
"anxiety",0,3
"any",0,5
"anybody",0,8
"anymore",0,5
"anyone",0,37
"anyonenand",0,1
"anything",0,37
"anythingnnso",0,1
"anytime",0,1
"anyway",0,7
"anywaynnif",0,1
"anywaynnthe",0,1
"anyways",0,3
"anywaysâ",0,1
"anywhere",0,9
"apart",0,2
"apartment",0,1
"apologies",0,3
"apology",0,1
"appalled",0,1
"apparatus",0,1
"apparent",0,3
"apparently",0,5
"appears",0,1
"apple",0,1
"applied",0,1
"applies",0,1
"apply",0,6
"applying",0,1
"appreciate",0,1
"appropriate",0,1
"approximately",0,1
"april",0,2
"arapahoe",0,1
"arapahoehighschoolshooting",0,1
"archaic",0,1
"architecture",0,1
"are",0,15
"area",0,7
"areas",0,8
"arent",0,1
"argentina",0,6
"argue",0,7
"arguing",0,4
"argument",0,29
"argumentative",0,1
"arguments",0,5
"argumentâ",0,1
"arizona",0,6
"arm",0,12
"armas",0,1
"armed",0,32
"armednhighly",0,1
"arming",0,2
"armless",0,1
"armor",0,1
"arms",0,16
"army",0,4
"arora",0,1
"around",0,50
"aroura",0,1
"arrest",0,2
"arrested",0,3
"arrive",0,1
"arrow",0,1
"ars",0,1
"arse",0,2
"arsenal",0,1
"arses",0,1
"arson",0,2
"arthur",0,1
"articulate",0,1
"artificial",0,1
"artificially",0,1
"arts",0,1
"artå«ras",0,1
"asap",0,2
"ash",0,1
"ashamed",0,1
"asian",0,3
"asians",0,1
"ask",0,11
"asked",0,4
"asking",0,4
"askntin",0,1
"asks",0,1
"aspect",0,1
"aspergers",0,1
"ass",0,26
"assail",0,1
"assailant",0,1
"assault",0,9
"assaultedâ",0,1
"assaultnnyou",0,1
"asserting",0,1
"assertionâ",0,1
"asshole",0,4
"assholes",0,2
"associated",0,2
"associates",0,1
"asstronaut",0,1
"asstronautâ",0,1
"assume",0,4
"assumed",0,2
"assumes",0,1
"assumptionsâ",0,1
"assure",0,1
"asswipes",0,1
"astounded",0,1
"asume",0,1
"atack",0,1
"atf",0,2
"atmosphere",0,1
"atomic",0,1
"atrocities",0,1
"ats",0,1
"attached",0,1
"attachments",0,1
"attack",0,18
"attacked",0,3
"attacker",0,2
"attacking",0,4
"attacks",0,6
"attacksnwhat",0,1
"attempt",0,2
"attempted",0,1
"attempting",0,1
"attention",0,7
"attest",0,1
"attitude",0,1
"attitudes",0,1
"attracted",0,2
"audience",0,1
"auditorium",0,1
"auror",0,1
"aurora",0,6
"aus",0,1
"australia",0,20
"australian",0,1
"author",0,1
"authority",0,1
"authors",0,1
"auto",0,4
"automatic",0,11
"automatically",0,1
"automaticsburst",0,1
"automobile",0,1
"automobileâ",0,1
"autoservicio",0,1
"availability",0,3
"available",0,5
"average",0,8
"avoid",0,1
"avoided",0,3
"await",0,1
"awakened",0,1
"aware",0,6
"away",0,39
"awesome",0,7
"awesomeâ",0,1
"awful",0,2
"awkard",0,1
"axle",0,2
"aye",0,1
"ayoormâ",0,1
"azzraze",0,1
"babies",0,2
"baby",0,4
"back",0,61
"background",0,11
"backing",0,2
"backnit",0,1
"backpack",0,1
"bad",0,52
"badass",0,3
"badge",0,1
"badguns",0,1
"badly",0,1
"badnso",0,1
"baffles",0,1
"bag",0,4
"bagsetc",0,1
"baguettes",0,1
"bait",0,1
"ball",0,3
"balls",0,5
"ban",0,34
"banana",0,1
"bandaid",0,1
"bang",0,1
"banged",0,1
"banging",0,2
"bank",0,5
"banned",0,22
"banning",0,12
"bans",0,2
"banter",0,1
"banâ",0,2
"baptist",0,1
"bar",0,5
"barack",0,1
"barcelona",0,1
"bare",0,1
"barely",0,1
"bargained",0,1
"barrel",0,3
"barricade",0,9
"barryâ",0,1
"bars",0,1
"base",0,2
"baseball",0,2
"based",0,10
"basement",0,1
"basenn",0,1
"bases",0,2
"bash",0,2
"basic",0,3
"basically",0,9
"basics",0,1
"basing",0,1
"basis",0,2
"basisâ",0,1
"bastard",0,1
"bastards",0,1
"bat",0,6
"bath",0,3
"bathroom",0,3
"bathrooms",0,2
"bathtub",0,1
"bathtubs",0,1
"batman",0,1
"bats",0,1
"battlefield",0,1
"battles",0,1
"bay",0,1
"bbqs",0,1
"bday",0,1
"beacuse",0,1
"bear",0,9
"beards",0,1
"bearing",0,1
"beasts",0,1
"beat",0,3
"beating",0,1
"beause",0,1
"beautiful",0,3
"became",0,4
"becaues",0,1
"because",0,19
"becka",0,1
"beckabn",0,2
"become",0,10
"becoming",0,2
"beds",0,2
"bee",0,1
"been",0,2
"beer",0,2
"beeâ",0,1
"befor",0,1
"before",0,2
"began",0,1
"begin",0,2
"beginning",0,5
"behave",0,2
"behavior",0,6
"behaviour",0,1
"beheaded",0,1
"behind",0,19
"being",0,1
"beings",0,2
"beleive",0,1
"belief",0,3
"beliefs",0,2
"believable",0,1
"believableâ",0,1
"believe",0,28
"believing",0,2
"belittling",0,1
"belive",0,1
"bell",0,2
"bella",0,1
"bellow",0,1
"beltway",0,4
"ben",0,4
"beneficial",0,1
"benefit",0,2
"benefiting",0,1
"benson",0,1
"bernardino",0,5
"beside",0,2
"besides",0,3
"best",0,21
"bestnnmommy",0,1
"bestâ",0,2
"bet",0,4
"better",0,42
"bettywhitepleasesitonmyface",0,1
"beverage",0,1
"bevy",0,1
"beyond",0,6
"bezerker",0,1
"bibaby",0,1
"bible",0,7
"bicker",0,1
"bieber",0,1
"big",0,19
"bigest",0,1
"bigger",0,10
"biggest",0,6
"bigot",0,1
"bigoted",0,2
"bigotry",0,3
"bill",0,3
"billion",0,1
"billions",0,2
"binf",0,1
"binge",0,2
"binghamton",0,1
"biochemistry",0,1
"birched",0,1
"birfffday",0,1
"birthday",0,1
"birthdayâ",0,1
"bish",0,1
"bit",0,11
"bitch",0,9
"bitches",0,3
"bite",0,1
"bitâ",0,1
"bizarre",0,2
"bizzle",0,1
"bjork",0,1
"bla",0,3
"blablablabla",0,1
"black",0,29
"blacks",0,4
"blah",0,2
"blake",0,1
"blame",0,16
"blamed",0,2
"blameâ",0,1
"blaming",0,1
"blanket",0,2
"blankets",0,3
"blanks",0,2
"blast",0,3
"blasting",0,2
"bleach",0,1
"bleed",0,1
"bless",0,4
"blind",0,4
"blindfold",0,1
"blindly",0,1
"blindness",0,1
"blinds",0,5
"blip",0,1
"bliss",0,2
"block",0,2
"blood",0,15
"bloodpackwearer",0,1
"bloodshed",0,1
"bloody",0,4
"blow",0,3
"blown",0,2
"blue",0,6
"bluesieron",0,1
"blunts",0,1
"board",0,1
"boardnncanada",0,1
"boast",0,1
"bob",0,1
"bodies",0,3
"body",0,3
"bodyguards",0,1
"bodys",0,1
"boggling",0,1
"bomb",0,11
"bombed",0,2
"bombers",0,1
"bombing",0,1
"bombings",0,2
"bombs",0,9
"bond",0,1
"bonding",0,1
"boogeyman",0,1
"book",0,3
"books",0,8
"boom",0,1
"boos",0,1
"booth",0,1
"bootlegged",0,1
"bootleggers",0,1
"bordered",0,1
"borders",0,1
"boring",0,1
"born",0,3
"borrowed",0,1
"boss",0,1
"boston",0,2
"both",0,2
"bother",0,1
"bottom",0,1
"bought",0,6
"bound",0,3
"bout",0,1
"bow",0,2
"bowl",0,2
"box",0,2
"boy",0,8
"boyfriendnthat",0,1
"brain",0,5
"braindead",0,1
"brains",0,4
"brainwash",0,1
"brainwashed",0,1
"branch",0,2
"brand",0,1
"brave",0,1
"bravender",0,1
"brazil",0,12
"breaching",0,1
"break",0,22
"breaking",0,6
"breaks",0,1
"breath",0,1
"breathing",0,1
"bright",0,1
"bring",0,20
"bringing",0,1
"brining",0,1
"britain",0,4
"britains",0,1
"british",0,3
"britney",0,1
"brits",0,1
"bro",0,3
"broke",0,5
"broken",0,7
"bronaugh",0,1
"bronskyâ",0,1
"brother",0,8
"brothernnmommy",0,1
"brothers",0,3
"brought",0,10
"brown",0,1
"brownshuguhz",0,1
"bruh",0,3
"brush",0,1
"brutal",0,4
"brutally",0,1
"brwmiagoonmiaâ",0,1
"bryant",0,1
"btw",0,1
"buck",0,1
"buddies",0,1
"build",0,2
"building",0,16
"buildings",0,3
"built",0,3
"bulk",0,1
"bull",0,2
"bullardnhow",0,1
"bullet",0,10
"bulletproof",0,2
"bullets",0,13
"bullied",0,3
"bullies",0,1
"bullllshit",0,1
"bullshit",0,13
"bully",0,1
"bullying",0,5
"bunch",0,17
"burden",0,1
"burial",0,1
"burn",0,4
"burst",0,2
"bursts",0,2
"bus",0,3
"busch",0,1
"buses",0,1
"bush",0,1
"business",0,3
"businesses",0,2
"bust",0,2
"busts",0,1
"busy",0,1
"but",0,53
"butt",0,1
"butter",0,1
"button",0,1
"buulding",0,1
"buy",0,20
"buying",0,5
"buys",0,1
"buzzer",0,1
"cabinet",0,1
"cabinets",0,3
"cafe",0,3
"cafeteria",0,1
"cageâ",0,1
"cal",0,1
"calibrate",0,1
"california",0,2
"call",0,11
"called",0,18
"callednasians",0,1
"calling",0,6
"callous",0,2
"calls",0,2
"calltxt",0,1
"calm",0,3
"calming",0,1
"calmly",0,1
"cam",0,1
"came",0,27
"cameras",0,2
"camps",0,1
"campus",0,6
"campuslots",0,1
"canada",0,13
"canadian",0,1
"cancer",0,1
"candidates",0,1
"candy",0,3
"canines",0,1
"cant",0,24
"cantgetusbitch",0,1
"canâuut",0,1
"caos",0,1
"capable",0,8
"capacity",0,1
"capita",0,1
"capital",0,3
"capone",0,3
"capstone",0,1
"capture",0,2
"car",0,15
"carbonara",0,1
"cardiac",0,2
"care",0,21
"career",0,3
"careless",0,1
"cares",0,4
"caring",0,1
"carpenter",0,2
"carpet",0,1
"carpetbagger",0,1
"carried",0,7
"carriers",0,1
"carries",0,1
"carry",0,29
"carrying",0,5
"cars",0,8
"cartels",0,8
"cary",0,1
"case",0,19
"casenremember",0,1
"cases",0,8
"cash",0,1
"cast",0,1
"castro",0,1
"casually",0,1
"catastrophic",0,1
"catch",0,6
"catching",0,1
"catfight",0,1
"cating",0,1
"cats",0,1
"caucasian",0,3
"caucasians",0,1
"caught",0,9
"causal",0,1
"causality",0,2
"causation",0,4
"cause",0,30
"caused",0,5
"causes",0,5
"causing",0,2
"cdc",0,1
"celebrities",0,2
"celebrity",0,1
"center",0,3
"centers",0,1
"central",0,1
"centsâ",0,1
"century",0,3
"ceo",0,1
"certain",0,7
"certainly",0,4
"chain",0,2
"chair",0,7
"chairs",0,9
"challenge",0,1
"chambers",0,1
"champion",0,1
"chance",0,18
"chances",0,5
"change",0,19
"changed",0,7
"changes",0,1
"changing",0,3
"channel",0,3
"chaos",0,2
"character",0,3
"charactersnnnn",0,1
"charge",0,2
"charges",0,3
"charleston",0,3
"charming",0,1
"charter",0,2
"chase",0,1
"chased",0,1
"chastised",0,1
"chat",0,1
"chattanooga",0,1
"chaydenâ",0,1
"check",0,10
"checked",0,1
"checks",0,5
"checksnnand",0,1
"checkâ",0,1
"cheers",0,1
"cheese",0,1
"chemicals",0,1
"cherry",0,1
"chicago",0,4
"chicagonnhttpwwwjustfactscomimagesguncontrolchicagopngnnboy",0,1
"chicken",0,9
"child",0,19
"childhood",0,3
"children",0,46
"childrens",0,2
"childrenâ",0,1
"childs",0,1
"chill",0,1
"chills",0,1
"china",0,3
"chinantrouble",0,1
"chip",0,2
"chipper",0,1
"chirstmas",0,1
"chl",0,1
"choir",0,1
"choke",0,1
"choose",0,3
"chop",0,1
"chose",0,1
"chosen",0,1
"christ",0,1
"christian",0,2
"christianity",0,2
"christians",0,4
"christiansthey",0,1
"christopher",0,3
"christs",0,1
"chuck",0,2
"church",0,3
"cia",0,1
"cincyrocker",0,1
"cinema",0,1
"circular",0,4
"circulation",0,4
"circumstantial",0,1
"cirminals",0,1
"cit",0,1
"cite",0,3
"cited",0,1
"cities",0,4
"citizen",0,6
"citizens",0,15
"citizensâ",0,1
"city",0,4
"civil",0,2
"civilians",0,6
"civilized",0,1
"claim",0,5
"claimed",0,2
"claiming",0,1
"claims",0,4
"class",0,44
"classes",0,9
"classic",0,1
"classicfihd",0,1
"classmates",0,3
"classmatesahhhhhhhhhhhhhh",0,1
"classnnand",0,1
"classnnid",0,1
"classroom",0,20
"classrooms",0,10
"classy",0,1
"classðufuu",0,1
"clause",0,1
"clean",0,1
"clear",0,3
"cleared",0,1
"clearly",0,7
"clearwater",0,1
"clemons",0,1
"clerk",0,1
"clever",0,1
"clients",0,1
"climate",0,1
"climbed",0,1
"climbing",0,2
"clinton",0,1
"clip",0,2
"clips",0,1
"clock",0,1
"clone",0,1
"close",0,18
"closed",0,7
"closely",0,1
"closer",0,3
"closes",0,1
"closest",0,1
"closestâ",0,1
"closet",0,1
"closets",0,1
"closing",0,1
"clothed",0,1
"cloud",0,1
"clown",0,1
"club",0,1
"clubs",0,2
"clue",0,3
"clump",0,1
"cmon",0,1
"cnn",0,5
"cocaine",0,2
"cocksucker",0,1
"cocky",0,1
"cod",0,2
"coddling",0,1
"code",0,8
"codes",0,1
"cody",0,1
"coffin",0,1
"coincidence",0,3
"coincidental",0,1
"cold",0,4
"coldhearted",0,1
"cole",0,1
"colin",0,16
"collateral",0,1
"collection",0,2
"collective",0,1
"college",0,7
"collge",0,1
"collision",0,1
"colombine",0,5
"colonies",0,1
"colony",0,1
"color",0,1
"colorado",0,11
"columbine",0,52
"columbinevirginia",0,1
"columbus",0,1
"com",0,1
"combat",0,3
"combatexercises",0,1
"come",0,41
"comedy",0,1
"comes",0,23
"comet",0,1
"coming",0,20
"comment",0,13
"commenting",0,1
"comments",0,15
"commentâ",0,1
"commercial",0,1
"commit",0,9
"commits",0,1
"committed",0,8
"committing",0,3
"common",0,23
"commonly",0,3
"commonsense",0,1
"commotion",0,1
"communist",0,1
"community",0,8
"companies",0,4
"company",0,5
"comparatively",0,1
"compare",0,6
"compared",0,3
"comparing",0,1
"comparison",0,4
"compelled",0,1
"compete",0,1
"competing",0,1
"competition",0,3
"complain",0,1
"complained",0,1
"complaining",0,4
"complete",0,4
"completely",0,14
"complicated",0,1
"composed",0,1
"compounds",0,1
"comprehend",0,1
"comprehension",0,2
"computer",0,2
"con",0,1
"conceal",0,4
"concealed",0,8
"concentrated",0,1
"concept",0,1
"concer",0,1
"concern",0,2
"concerned",0,1
"concerning",0,2
"concert",0,1
"conclude",0,2
"conclusion",0,1
"conclusions",0,1
"condition",0,1
"conditioning",0,1
"conditions",0,1
"conduct",0,2
"conducting",0,1
"confetti",0,1
"confident",0,2
"confidential",0,1
"confine",0,1
"confirms",0,1
"confiscate",0,2
"confiscation",0,4
"confiscationâ",0,1
"confront",0,1
"confronted",0,1
"congaline",0,1
"congradulationsâ",0,2
"congratulations",0,1
"congress",0,1
"conn",0,1
"connecticut",0,8
"conquer",0,1
"cons",0,1
"consecutively",0,1
"consent",0,1
"consequences",0,1
"conservative",0,1
"conservatives",0,1
"consider",0,3
"considerate",0,1
"considered",0,5
"considering",0,1
"consistent",0,1
"consistently",0,1
"consolidated",0,1
"conspiracies",0,2
"conspiracy",0,12
"constant",0,2
"constantly",0,2
"constitutes",0,1
"constitution",0,13
"construction",0,1
"consumer",0,1
"consumers",0,1
"cont",0,1
"contact",0,2
"contaminate",0,1
"contemplated",0,1
"content",0,1
"contestation",0,1
"contiguous",0,1
"continue",0,8
"continued",0,1
"continues",0,2
"contracts",0,1
"contrary",0,1
"contrast",0,1
"contrerasâ",0,1
"contribute",0,2
"contributes",0,1
"contributing",0,1
"control",0,63
"controldefenseless",0,1
"controlled",0,4
"controllers",0,1
"controlling",0,1
"controlnuk",0,1
"convenient",0,2
"conveniently",0,1
"conversation",0,5
"conversationnnthe",0,1
"convict",0,2
"convicted",0,4
"convictions",0,1
"convince",0,1
"convinced",0,2
"cool",0,5
"coolnnand",0,1
"coons",0,1
"cooper",0,1
"coordinated",0,1
"coots",0,1
"cop",0,5
"cops",0,14
"copycat",0,2
"core",0,1
"corner",0,57
"corporation",0,1
"corpses",0,1
"correct",0,6
"corrected",0,1
"correcting",0,1
"correctly",0,3
"correlation",0,7
"correlative",0,3
"corrupt",0,4
"corrupted",0,1
"cos",0,1
"cosas",0,1
"cost",0,6
"costaconcordea",0,1
"costly",0,2
"costs",0,3
"cotton",0,1
"could",0,2
"couldnt",0,1
"council",0,1
"count",0,2
"counted",0,2
"counter",0,1
"counterintuitive",0,1
"counties",0,1
"countless",0,1
"countries",0,17
"countriesâ",0,2
"country",0,67
"countrymerica",0,1
"countrys",0,1
"countryside",0,1
"county",0,5
"couple",0,9
"courage",0,1
"course",0,9
"coursennhey",0,2
"coursennyeah",0,1
"court",0,3
"cousin",0,5
"cover",0,8
"coverage",0,3
"covered",0,3
"covering",0,1
"coverup",0,1
"coward",0,1
"cowards",0,2
"cowboy",0,1
"cowboys",0,1
"cower",0,1
"cowering",0,2
"coworker",0,1
"coz",0,1
"crack",0,2
"cracknnmommy",0,1
"craig",0,1
"crap",0,2
"crash",0,1
"crasy",0,1
"crater",0,1
"crazed",0,4
"crazy",0,29
"cream",0,1
"create",0,4
"created",0,4
"creates",0,1
"creating",0,3
"creation",0,1
"creative",0,2
"creepy",0,2
"creepywhy",0,1
"crew",0,1
"cricketsnpretty",0,1
"cried",0,4
"criedðufuu",0,1
"crime",0,44
"crimes",0,14
"crimesobesity",0,1
"crimeâ",0,2
"criminal",0,16
"criminally",0,1
"criminals",0,50
"criminalsâ",0,2
"cringe",0,2
"crippled",0,1
"crises",0,1
"crisis",0,3
"crisp",0,1
"criticize",0,1
"critiquing",0,1
"crossbow",0,2
"crotch",0,1
"crowbar",0,1
"crowd",0,1
"crowded",0,2
"crowdnnwe",0,1
"crowds",0,1
"crude",0,1
"cruel",0,2
"cruelest",0,1
"cruise",0,1
"crush",0,1
"crushnnand",0,1
"crutches",0,1
"cry",0,4
"crying",0,8
"crynnwhen",0,1
"crystal",0,1
"cryâ",0,2
"cubbies",0,1
"cubbys",0,1
"cuffs",0,1
"culprit",0,1
"culprits",0,1
"cultural",0,3
"culture",0,9
"culturegun",0,1
"cultures",0,1
"cumbersome",0,1
"cunt",0,1
"cuntdown",0,1
"cunts",0,1
"cupboard",0,1
"cupboards",0,1
"curb",0,2
"cure",0,2
"curl",0,1
"curled",0,1
"current",0,1
"currently",0,5
"curse",0,1
"curtains",0,3
"custom",0,1
"cut",0,2
"cute",0,1
"cutter",0,1
"cuz",0,4
"cyanide",0,1
"cylindrical",0,1
"câ",0,3
"dad",0,10
"daddynthat",0,1
"daddys",0,1
"dads",0,1
"dakota",0,1
"dallas",0,1
"dam",0,2
"damage",0,2
"damaged",0,1
"damaging",0,1
"dammit",0,2
"damn",0,14
"damned",0,1
"damnnsure",0,1
"dan",0,3
"dane",0,2
"dang",0,2
"danger",0,7
"dangerous",0,13
"dangerousâ",0,1
"dangers",0,1
"daniel",0,4
"danny",0,1
"danres",0,1
"dark",0,5
"darn",0,1
"darrel",0,1
"dash",0,1
"data",0,9
"date",0,1
"dats",0,1
"daughter",0,2
"davd",0,1
"david",0,4
"davine",0,2
"day",0,50
"dayni",0,1
"days",0,18
"daysâ",0,1
"dayâ",0,1
"dead",0,25
"deadliest",0,1
"deadly",0,3
"deal",0,8
"dealer",0,6
"dealers",0,5
"dealerz",0,1
"dealing",0,2
"deals",0,1
"dealt",0,1
"dean",0,2
"dear",0,3
"death",0,28
"deaths",0,22
"deathsâ",0,1
"debatable",0,1
"debate",0,2
"debilitating",0,1
"debunk",0,2
"decade",0,1
"decaying",0,1
"deceased",0,1
"deceive",0,1
"december",0,5
"decent",0,3
"decide",0,7
"decided",0,5
"decides",0,1
"deciding",0,1
"decision",0,1
"declared",0,1
"decrease",0,2
"deducted",0,1
"deduction",0,1
"deductive",0,1
"deem",0,1
"deemed",0,1
"deep",0,1
"deeply",0,1
"defeat",0,1
"defence",0,6
"defend",0,9
"defended",0,1
"defenition",0,1
"defense",0,17
"defenseless",0,1
"defensive",0,3
"defiance",0,1
"defiantly",0,1
"define",0,2
"defined",0,1
"definetly",0,1
"definitely",0,6
"definition",0,6
"degenerate",0,1
"dejaran",0,1
"dejen",0,1
"delete",0,1
"delude",0,1
"delusion",0,1
"delusional",0,1
"demand",0,1
"demands",0,1
"democracies",0,1
"democratic",0,1
"democraticrepublic",0,1
"democrats",0,1
"demographic",0,1
"demographics",0,1
"demoted",0,1
"denied",0,1
"denmark",0,3
"denomination",0,1
"densely",0,1
"deny",0,3
"denying",0,1
"department",0,1
"departments",0,2
"dependent",0,1
"depending",0,2
"depends",0,3
"depicted",0,1
"deployed",0,1
"deployment",0,1
"deport",0,2
"depot",0,1
"depressed",0,1
"depressing",0,1
"depression",0,2
"dept",0,1
"depth",0,1
"deranged",0,1
"derp",0,2
"described",0,2
"desensitize",0,1
"desensitizes",0,1
"desensitizing",0,1
"deserve",0,5
"deserved",0,1
"deserves",0,2
"designed",0,1
"desired",0,1
"desk",0,28
"desks",0,11
"desperate",0,2
"desperateâ",0,1
"despicable",0,1
"despite",0,4
"destined",0,1
"destroy",0,4
"destroyed",0,1
"destroyes",0,1
"destroying",0,1
"destruction",0,1
"detail",0,1
"detector",0,1
"detectors",0,2
"deter",0,1
"determine",0,1
"determined",0,1
"detroit",0,4
"devastated",0,2
"devastating",0,3
"developed",0,1
"device",0,1
"devil",0,1
"devils",0,1
"devote",0,1
"diamond",0,1
"diarys",0,1
"dick",0,3
"dictator",0,1
"dictators",0,2
"dictionary",0,1
"did",0,4
"didnt",0,12
"didnâuut",0,2
"die",0,34
"died",0,23
"diednnrobbie",0,1
"diego",0,1
"dieni",0,1
"dies",0,3
"diet",0,1
"dieâ",0,2
"difference",0,9
"differencennanyways",0,1
"different",0,20
"differentâ",0,1
"differing",0,1
"difficult",0,5
"digits",0,1
"digitsnnwhile",0,1
"dignity",0,1
"dimebag",0,1
"diminish",0,1
"diminishing",0,1
"dip",0,1
"direct",0,2
"direction",0,1
"directions",0,1
"dirty",0,1
"disable",0,1
"disabled",0,1
"disagree",0,3
"disagrees",0,1
"disappear",0,3
"disappeared",0,1
"disappointed",0,1
"disapproves",0,1
"disarm",0,5
"disarmed",0,3
"disarming",0,2
"disaster",0,3
"disasters",0,1
"discharge",0,1
"discharges",0,1
"discount",0,1
"discounted",0,1
"discussed",0,1
"discussing",0,3
"disgusting",0,2
"disinfectant",0,1
"disingenuous",0,1
"dislike",0,1
"dismantling",0,1
"dismissal",0,1
"dismissed",0,1
"disney",0,1
"disneyland",0,1
"disorder",0,1
"disorderly",0,1
"disorders",0,1
"disorient",0,1
"disoriented",0,1
"display",0,6
"displayed",0,2
"disregard",0,1
"dissarm",0,1
"distance",0,2
"distant",0,2
"distinction",0,1
"distinguish",0,2
"distract",0,1
"distressing",0,1
"district",0,6
"districts",0,2
"disturbed",0,5
"disturbing",0,2
"ditch",0,2
"dnt",0,1
"docters",0,1
"doctor",0,1
"documentary",0,2
"documented",0,1
"doe",0,1
"doenst",0,1
"does",0,3
"doesent",0,1
"doesnt",0,10
"dog",0,1
"dogg",0,1
"dogs",0,2
"doing",0,2
"doir",0,2
"dollars",0,6
"dome",0,1
"domiciles",0,1
"dominating",0,2
"don",0,1
"donald",0,1
"donated",0,1
"donations",0,2
"donationsnwhen",0,1
"done",0,30
"door",0,97
"doordammit",0,1
"doorknob",0,1
"doors",0,30
"doorswindows",0,1
"doorway",0,1
"doorâ",0,1
"dorm",0,1
"dorner",0,1
"double",0,8
"doubt",0,3
"doubtâ",0,1
"douche",0,2
"doug",0,1
"down",0,2
"downs",0,5
"dozen",0,3
"dozens",0,1
"dramatic",0,1
"drastically",0,3
"draw",0,1
"drawer",0,1
"drawn",0,1
"dreadiosâ",0,1
"dreams",0,2
"dreamy",0,1
"drill",0,107
"drills",0,111
"drillssimilar",0,1
"drillâ",0,1
"drink",0,10
"drinking",0,5
"drinks",0,1
"drive",0,7
"driven",0,2
"drivers",0,1
"driving",0,7
"drone",0,1
"drones",0,2
"drooling",0,1
"drop",0,3
"dropped",0,1
"drove",0,3
"drowning",0,5
"drownings",0,2
"drug",0,22
"drugs",0,18
"drunk",0,8
"drunkenness",0,1
"dry",0,1
"duck",0,5
"ducking",0,3
"ducks",0,4
"dude",0,14
"dudes",0,1
"due",0,4
"dum",0,1
"dumb",0,11
"dumbass",0,8
"dumbest",0,3
"dumbfuck",0,1
"dumbfucks",0,1
"dumbnâ",0,1
"dump",0,1
"dunblane",0,2
"during",0,2
"duty",0,3
"dying",0,6
"dylan",0,12
"dylanngot",0,1
"dylans",0,1
"eaboy",0,1
"each",0,2
"eachother",0,3
"eamon",0,1
"eamons",0,1
"ear",0,1
"early",0,4
"earth",0,5
"earthquake",0,5
"earths",0,1
"easier",0,12
"easiernâ",0,1
"easiest",0,2
"easily",0,8
"easy",0,10
"eat",0,5
"eaten",0,1
"eating",0,1
"ebola",0,1
"ecko",0,1
"economy",0,1
"ect",0,9
"edit",0,1
"edmond",0,1
"educate",0,1
"educated",0,1
"educatedâ",0,1
"educates",0,1
"education",0,6
"edward",0,1
"eeee",0,1
"eerie",0,1
"effect",0,4
"effective",0,12
"effectively",0,2
"effectivelynni",0,1
"effectiveâ",0,1
"effectnnlook",0,1
"effects",0,1
"effectâ",0,1
"effort",0,1
"efforts",0,1
"eggs",0,1
"either",0,23
"eitherâ",0,1
"elderly",0,1
"electable",0,1
"electric",0,1
"elementary",0,17
"elevated",0,1
"eliminate",0,2
"elimination",0,1
"elliot",0,4
"ellipsis",0,1
"elm",0,1
"eloquent",0,1
"else",0,14
"elses",0,1
"elsethink",0,1
"embarrassment",0,1
"emergencies",0,1
"emergency",0,12
"emergencys",0,3
"emily",0,3
"emits",0,1
"emotion",0,2
"emotional",0,1
"emotionally",0,1
"emotionalrational",0,1
"empires",0,1
"employ",0,1
"employment",0,1
"empower",0,1
"empty",0,4
"ems",0,1
"emvinci",0,2
"encourage",0,3
"encouraged",0,3
"encouraging",0,1
"end",0,23
"ended",0,1
"endnpeople",0,1
"enemies",0,2
"enemy",0,1
"enforce",0,4
"enforced",0,1
"enforcement",0,13
"engaged",0,1
"england",0,11
"english",0,7
"enhances",0,1
"enjoy",0,3
"enjoying",0,1
"enlighten",0,1
"enlisting",0,1
"enough",0,24
"enshrined",0,1
"ensure",0,1
"enter",0,7
"entered",0,1
"entering",0,1
"enters",0,3
"entertain",0,1
"entertaining",0,1
"entertainment",0,1
"entire",0,5
"entirely",0,3
"entitled",0,1
"entitles",0,1
"entrance",0,2
"entry",0,1
"enumerating",0,1
"environment",0,1
"envisioned",0,2
"epic",0,1
"epicmilftime",0,1
"epicrandomness",0,1
"epicrandomnessâ",0,1
"epidemic",0,2
"episode",0,1
"episodes",0,1
"equalizer",0,1
"equally",0,2
"equipment",0,1
"equipments",0,1
"equipped",0,1
"eric",0,10
"erickpierretvâ",0,1
"errrr",0,1
"escape",0,9
"escaped",0,1
"escaping",0,1
"especially",0,5
"especialy",0,1
"essentially",0,3
"established",0,1
"estas",0,1
"estate",0,1
"estimated",0,1
"estimations",0,1
"etc",0,10
"etcâ",0,1
"ether",0,1
"ethnocentric",0,1
"ethnocentrism",0,1
"eurofags",0,1
"europe",0,8
"european",0,4
"europeans",0,2
"evacuate",0,2
"evacuated",0,1
"evacuating",0,1
"evacuation",0,3
"evaluation",0,4
"evenly",0,1
"event",0,8
"events",0,15
"eventually",0,4
"ever",0,46
"evernyou",0,1
"every",0,79
"everybody",0,8
"everyday",0,6
"everyone",0,52
"everyonennin",0,1
"everyones",0,5
"everyoneâ",0,2
"everything",0,22
"everythingâ",0,1
"everywere",0,1
"everywerenno",0,1
"everywhere",0,5
"evidence",0,20
"evidenceâ",0,2
"evil",0,8
"evilâ",0,1
"evolution",0,1
"evolved",0,1
"evreyone",0,1
"exact",0,5
"exactly",0,10
"exactlykey",0,1
"exam",0,1
"example",0,20
"examples",0,5
"excape",0,1
"except",0,6
"exception",0,1
"excessive",0,1
"excited",0,2
"exclaiming",0,1
"excuse",0,1
"excuses",0,2
"execute",0,4
"executi",0,1
"executing",0,2
"execution",0,1
"executive",0,1
"exempt",0,1
"exercise",0,2
"exercises",0,1
"exist",0,5
"existed",0,2
"existence",0,1
"existing",0,2
"exists",0,3
"existsnnage",0,1
"exit",0,1
"expect",0,7
"expecting",0,1
"expense",0,2
"expensive",0,4
"experience",0,3
"experienced",0,2
"experiment",0,1
"expert",0,1
"explain",0,5
"explicitly",0,1
"exploited",0,2
"explosive",0,1
"explosives",0,5
"expose",0,1
"exposed",0,2
"express",0,1
"expression",0,1
"exsist",0,1
"extensive",0,2
"extent",0,1
"extinction",0,1
"extra",0,5
"extract",0,1
"extracted",0,1
"extraordinaire",0,1
"extreme",0,1
"extremely",0,4
"extremists",0,1
"exwife",0,1
"eye",0,2
"eyes",0,6
"fabricated",0,1
"face",0,10
"facebook",0,2
"facing",0,1
"fact",0,47
"factions",0,1
"factnthe",0,1
"facto",0,1
"factors",0,4
"facts",0,6
"factsâ",0,1
"factual",0,1
"factually",0,4
"faculty",0,1
"faggot",0,1
"fags",0,1
"fail",0,6
"failed",0,12
"fails",0,1
"failure",0,1
"fair",0,5
"faith",0,2
"fake",0,38
"fakebut",0,1
"faker",0,1
"faketithersâ",0,1
"fall",0,1
"fallacious",0,1
"fallen",0,1
"falling",0,2
"fallout",0,1
"false",0,11
"familiar",0,2
"families",0,9
"familiesâ",0,1
"family",0,8
"familys",0,1
"famous",0,5
"fan",0,2
"fanatics",0,1
"fantasies",0,1
"fantastical",0,1
"fantasy",0,1
"fap",0,3
"far",0,29
"farcennstopthepsyops",0,1
"farive",0,1
"farther",0,1
"farthest",0,1
"farwtfâ",0,1
"fascinating",0,1
"fascists",0,1
"fast",0,3
"faster",0,2
"fastly",0,1
"fat",0,1
"fatal",0,1
"fate",0,1
"father",0,5
"fathers",0,1
"fault",0,4
"faultban",0,1
"faults",0,1
"fave",0,1
"favor",0,1
"favorability",0,1
"fbi",0,2
"fcked",0,2
"fcking",0,1
"fear",0,20
"fearful",0,1
"fearâ",0,1
"feat",0,1
"fed",0,1
"federal",0,3
"feed",0,2
"feel",0,34
"feeling",0,1
"feelings",0,1
"feelingsnothing",0,1
"feelnâu¢",0,1
"feels",0,3
"feet",0,2
"fellow",0,3
"felon",0,1
"felons",0,2
"felt",0,2
"fema",0,2
"female",0,1
"fence",0,1
"fetched",0,1
"few",0,1
"ffl",0,3
"ffs",0,1
"fiasco",0,2
"fiction",0,1
"fidel",0,1
"fidelis",0,1
"field",0,1
"fierce",0,1
"fifteen",0,1
"fight",0,27
"fightback",0,1
"fighting",0,15
"fightingâ",0,1
"fightingðufu¨",0,1
"fights",0,1
"fightttttttttttttttttttttttttttttttttttt",0,1
"figure",0,2
"figured",0,2
"figures",0,1
"file",0,1
"files",0,2
"filled",0,2
"filth",0,1
"filthy",0,1
"final",0,1
"finally",0,5
"find",0,34
"findings",0,1
"finds",0,2
"fine",0,6
"finger",0,2
"fingers",0,1
"finish",0,1
"fire",0,38
"firearm",0,21
"firearms",0,62
"firearmsnnwhat",0,1
"firearmsâ",0,1
"fired",0,4
"firefight",0,1
"firefighters",0,1
"firennahhhhh",0,1
"firepower",0,1
"fires",0,5
"firewar",0,1
"fireworks",0,1
"firing",0,2
"first",0,40
"firstnim",0,1
"fish",0,5
"fistsâ",0,1
"fit",0,4
"fits",0,1
"five",0,3
"fix",0,6
"fixes",0,1
"flag",0,3
"flages",0,1
"flags",0,2
"flammable",0,1
"flashin",0,1
"flat",0,1
"flaw",0,1
"flawed",0,1
"flaws",0,1
"flee",0,1
"flight",0,2
"flip",0,1
"flipping",0,1
"floating",0,1
"flood",0,2
"floor",0,4
"floora",0,1
"floorâ",0,1
"florida",0,2
"flouride",0,1
"flow",0,1
"flute",0,1
"fly",0,2
"flying",0,1
"focus",0,3
"focused",0,1
"focusing",0,2
"foil",0,1
"foiled",0,1
"fold",0,1
"folks",0,1
"follow",0,7
"followed",0,1
"following",0,3
"follows",0,1
"font",0,1
"food",0,2
"foods",0,1
"fool",0,1
"fooled",0,1
"foolish",0,1
"fools",0,1
"foot",0,1
"footage",0,3
"football",0,5
"footsteps",0,1
"foouhomeyg",0,1
"for",0,25
"forbid",0,1
"force",0,6
"forced",0,3
"forces",0,2
"forcibly",0,1
"foreign",0,3
"foreigner",0,1
"foremost",0,1
"forensic",0,1
"forethought",0,1
"forever",0,3
"forget",0,6
"forgivness",0,1
"forgot",0,3
"forgotten",0,1
"form",0,6
"formedâ",0,1
"former",0,2
"fort",0,2
"fortunate",0,1
"forum",0,1
"forward",0,3
"fostered",0,1
"fought",0,2
"found",0,12
"four",0,1
"fourth",0,3
"fox",0,3
"fraction",0,1
"fractured",0,2
"fragile",0,1
"france",0,8
"frankly",0,5
"fraud",0,1
"freaking",0,3
"freaky",0,1
"free",0,20
"freedom",0,5
"freedomsâ",0,1
"freely",0,2
"freemasonry",0,1
"freemasons",0,1
"frequency",0,1
"frequent",0,1
"fresh",0,1
"fricken",0,1
"fricking",0,1
"friday",0,2
"friend",0,10
"friendly",0,2
"friends",0,15
"friendsnthat",0,1
"frightened",0,2
"frightening",0,2
"from",0,3
"front",0,10
"frozen",0,1
"fryâ",0,2
"fuc",0,1
"fuck",0,73
"fucked",0,24
"fucken",0,1
"fucker",0,1
"fuckers",0,1
"fuckhead",0,1
"fuckin",0,5
"fucking",0,85
"fuckker",0,1
"fuckload",0,1
"fucks",0,4
"fuckâ",0,1
"fuel",0,1
"fuentesnnntell",0,1
"fukin",0,1
"fuks",0,1
"full",0,17
"fully",0,4
"fullyautomatic",0,1
"fun",0,24
"function",0,2
"funds",0,1
"funniest",0,2
"funny",0,11
"funâ",0,1
"furthermore",0,5
"fury",0,1
"future",0,7
"fyi",0,1
"fâ",0,1
"gabby",0,2
"gain",0,1
"gallery",0,1
"game",0,8
"games",0,18
"gandhi",0,1
"gang",0,9
"gangs",0,3
"garage",0,1
"garbage",0,4
"gas",0,6
"gasoline",0,1
"gate",0,1
"gather",0,3
"gauge",0,1
"gave",0,8
"gcr",0,1
"gear",0,1
"geese",0,1
"geezâ",0,1
"general",0,3
"generalizes",0,1
"generally",0,2
"generation",0,1
"generations",0,2
"genetic",0,1
"genetically",0,1
"geneva",0,1
"genie",0,1
"genius",0,1
"geniuses",0,1
"geniusnnnotice",0,1
"genocide",0,1
"geography",0,1
"georgia",0,1
"german",0,1
"germany",0,3
"gesture",0,1
"gets",0,24
"getting",0,30
"ghettos",0,1
"giffords",0,1
"giggling",0,1
"gin",0,1
"girl",0,11
"girlfriend",0,1
"girlni",0,1
"girls",0,2
"give",0,36
"given",0,10
"gives",0,5
"giving",0,8
"glad",0,10
"glamorize",0,1
"glamorized",0,1
"glass",0,5
"glasswindow",0,1
"global",0,1
"globe",0,1
"glock",0,4
"glue",0,1
"glued",0,1
"god",0,24
"gods",0,1
"goes",0,19
"going",0,102
"goldnnwhen",0,1
"goliad",0,1
"gonbut",0,1
"gone",0,11
"gonna",0,27
"good",0,72
"goodbyennim",0,1
"googling",0,1
"goose",0,1
"gore",0,1
"gosh",0,2
"gossip",0,1
"got",0,41
"goth",0,2
"gotta",0,5
"gotten",0,4
"gouverment",0,1
"govermentfucking",0,1
"governing",0,1
"government",0,34
"governments",0,3
"govment",0,1
"govt",0,4
"gow",0,1
"grab",0,6
"grabbed",0,1
"grabs",0,1
"grad",0,1
"grade",0,17
"graders",0,1
"graduate",0,1
"graduated",0,1
"granades",0,1
"grand",0,1
"grandmothernill",0,1
"grants",0,1
"grasp",0,2
"grate",0,1
"graves",0,1
"great",0,18
"greater",0,2
"greatest",0,1
"greatly",0,1
"greatness",0,1
"greatâ",0,1
"greed",0,1
"greedy",0,2
"greenland",0,6
"greeting",0,1
"greets",0,1
"grenades",0,2
"grenading",0,1
"greys",0,1
"grief",0,2
"grieving",0,1
"griffin",0,1
"grinder",0,1
"grinding",0,1
"grip",0,1
"groin",0,1
"gross",0,1
"ground",0,5
"grounds",0,4
"group",0,7
"groupnnthat",0,1
"groups",0,6
"grow",0,2
"grown",0,1
"gruesome",0,1
"gta",0,4
"gtfo",0,2
"guarantee",0,1
"guaranteed",0,1
"guard",0,5
"guarding",0,1
"guards",0,11
"guerilla",0,1
"guess",0,19
"guilt",0,2
"guilty",0,2
"guinea",0,1
"guitar",0,2
"gun",0,346
"guncontrol",0,2
"gundeaths",0,2
"gunfree",0,2
"gunmakers",0,1
"gunman",0,22
"gunmans",0,1
"gunmore",0,1
"gunna",0,2
"gunned",0,1
"gunners",0,1
"gunnhe",0,1
"gunning",0,2
"gunnwe",0,1
"gunpowder",0,1
"gunrelated",0,1
"gunsban",0,1
"gunsdefense",0,1
"gunshop",0,1
"gunshot",0,1
"gunshots",0,4
"gunsn",0,1
"gunsnall",0,1
"gunsnb",0,1
"gunsnnand",0,1
"gunsnnwow",0,1
"gunstop",0,1
"gunsâ",0,2
"guntoting",0,2
"gunz",0,1
"gunâ",0,1
"guy",0,50
"guys",0,21
"guysâ",0,1
"gym",0,1
"had",0,5
"haha",0,7
"hahah",0,1
"hahaha",0,3
"hahahaahha",0,1
"hahahah",0,2
"hahahaha",0,3
"hahahahaha",0,1
"hahahahahahahahahahaa",0,1
"hair",0,1
"half",0,11
"hall",0,3
"halls",0,6
"hallway",0,4
"hallways",0,1
"hallwaysðufuu",0,1
"hammers",0,1
"hand",0,12
"handed",0,2
"handful",0,1
"handgun",0,5
"handguns",0,5
"handgunsâ",0,1
"handing",0,3
"handle",0,2
"handlepush",0,1
"handles",0,1
"hands",0,11
"hang",0,1
"hanged",0,1
"hangs",0,1
"hanley",0,1
"hanlin",0,1
"hannah",0,2
"hapen",0,2
"happen",0,49
"happened",0,42
"happenedâ",0,1
"happening",0,10
"happens",0,27
"happensnntake",0,1
"happenâ",0,1
"happier",0,2
"happy",0,10
"happynpass",0,1
"hard",0,19
"hardcore",0,1
"harder",0,7
"hardest",0,1
"hardly",0,8
"hare",0,1
"harlem",0,1
"harm",0,3
"harmed",0,1
"harmednisrael",0,1
"harmedâ",0,1
"harmless",0,1
"harris",0,4
"harrisâ",0,1
"harsher",0,2
"harvard",0,3
"has",0,1
"hasan",0,1
"hat",0,1
"hatched",0,1
"hatchet",0,1
"hate",0,16
"hates",0,1
"hating",0,3
"hatred",0,3
"hats",0,1
"hatten",0,1
"haul",0,1
"have",0,15
"having",0,2
"hawaii",0,6
"hayat",0,3
"haylee",0,1
"hazard",0,1
"head",0,9
"heading",0,1
"heads",0,1
"headâ",0,1
"healed",0,1
"healing",0,1
"health",0,13
"healthy",0,1
"hear",0,19
"heard",0,16
"hearing",0,2
"heart",0,5
"heartbeat",0,1
"heartbreaking",0,1
"heartless",0,3
"hearts",0,1
"heather",0,1
"heating",0,1
"heavily",0,3
"heavy",0,4
"heck",0,2
"heheheh",0,1
"heheheheh",0,1
"heinous",0,1
"held",0,4
"helicopter",0,1
"hell",0,17
"hella",0,1
"hellnnall",0,1
"hellnrip",0,1
"hello",0,1
"helmedonâ",0,1
"help",0,35
"helped",0,1
"helpful",0,1
"helping",0,2
"helpless",0,2
"helps",0,3
"hence",0,1
"henry",0,1
"here",0,3
"heres",0,6
"heresy",0,1
"hero",0,11
"heroes",0,3
"heroesâ",0,1
"heroine",0,1
"heros",0,1
"hert",0,2
"hes",0,7
"hey",0,7
"hhaaahahah",0,1
"hhhhhmmmmmmm",0,1
"hick",0,2
"hid",0,3
"hidden",0,4
"hide",0,34
"hides",0,1
"hiding",0,13
"higginsâ",0,1
"high",0,47
"higher",0,7
"highest",0,7
"highly",0,2
"highschool",0,5
"highscool",0,1
"hiiiiiiiiiiiim",0,1
"hilarious",0,1
"hilariously",0,1
"hilary",0,1
"hills",0,1
"hilyerâ",0,1
"him",0,2
"himnexcuse",0,1
"hind",0,2
"hinding",0,1
"hire",0,1
"hiring",0,1
"his",0,2
"hispanic",0,3
"historically",0,1
"history",0,13
"historyn",0,1
"hit",0,7
"hitler",0,3
"hitlernnyour",0,1
"hitlers",0,1
"hits",0,1
"hmm",0,1
"hmmm",0,2
"hmmmm",0,2
"hnestly",0,1
"hoax",0,34
"hoaxes",0,6
"hobby",0,1
"hoes",0,1
"hog",0,1
"hold",0,9
"holders",0,1
"holding",0,7
"holds",0,3
"hole",0,3
"holes",0,1
"holesmarkingsext",0,1
"holland",0,4
"holly",0,3
"holmes",0,1
"holocaust",0,1
"holy",0,9
"home",0,20
"homemade",0,4
"homenngrow",0,1
"homework",0,1
"homeâ",0,1
"homicdies",0,1
"homicide",0,31
"homicides",0,6
"homicideâ",0,1
"honest",0,4
"honestly",0,11
"honesty",0,2
"honor",0,1
"honorable",0,2
"honoring",0,1
"hood",0,4
"hook",0,72
"hooknnits",0,1
"hooknputting",0,1
"hooks",0,3
"hookâ",0,1
"hop",0,1
"hope",0,29
"hopefully",0,1
"hopeless",0,1
"hoping",0,1
"horrendous",0,1
"horrible",0,8
"horribly",0,1
"horrific",0,3
"horrifying",0,1
"horse",0,4
"hospital",0,7
"host",0,3
"hostage",0,3
"hostages",0,1
"hosts",0,1
"hot",0,3
"hour",0,8
"hours",0,17
"hoursâ",0,1
"house",0,3
"household",0,1
"housewives",0,1
"how",0,40
"however",0,9
"httpscommonsmwikimediaorgwikifilelistofcountriesbyfirearmrelateddeathratejpgmwjumplicense",0,1
"httpsenwikipediaorgwikiguncontrolafterthesandyhookelementaryschoolshootingnnlinkâ",0,1
"httpsenwikipediaorgwikisandyhookelementaryschoolshootingnnhttpcspsandyhookreportctgovnnhere",0,1
"httpswwwnrailaorgarticlesmarylandgovernorsignssweepingguncontrolbilllaw",0,1
"httpswwwrevealnewsorgarticlelawsuitsattemptholdgunmakerssellersliableshootings",0,1
"httpwwwbloombergcomnewsarticlesconnecticutgunlawpassedsandyhookruledlegalnnlinkâ",0,1
"httpwwwlawharvardedustudentsorgsjlppvolnokatesmauseronlinepdf",0,1
"httpwwwlawharvardedustudentsorgsjlppvolnokatesmauseronlinepdfnnmore",0,1
"httpwwwlawharvardedustudentsorgsjlppvolnokatesmauseronlinepdfnnthere",0,1
"hubertys",0,1
"huddle",0,12
"huddled",0,6
"huddling",0,2
"huehue",0,1
"huge",0,6
"hugged",0,2
"huh",0,2
"human",0,9
"humans",0,1
"humor",0,1
"humorous",0,1
"hundred",0,4
"hundreds",0,5
"hunt",0,1
"hunters",0,1
"hunting",0,4
"huntingâ",0,1
"hurt",0,14
"hurting",0,3
"hurtnnthe",0,1
"hurts",0,1
"hurtâ",0,1
"husband",0,6
"husbands",0,2
"husbandswives",0,2
"hydraplaysâ",0,1
"hyped",0,1
"hyperrealistic",0,1
"hypocritical",0,1
"hypothetically",0,1
"iam",0,3
"iamdebster",0,1
"iard",0,1
"ice",0,1
"icy",0,1
"idaho",0,1
"ide",0,1
"idea",0,23
"ideacraziness",0,1
"idealistic",0,1
"ideas",0,4
"identification",0,1
"identify",0,1
"identifying",0,1
"ideologies",0,2
"idgaf",0,1
"idiologiesâ",0,1
"idiot",0,10
"idiotic",0,1
"idiots",0,14
"idk",0,2
"idontknowanymore",0,1
"ifunny",0,1
"ignorance",0,4
"ignorant",0,4
"ignore",0,3
"ignores",0,1
"ihe",0,1
"ikido",0,1
"ill",0,15
"illegal",0,37
"illegalcan",0,1
"illegalizing",0,1
"illegally",0,2
"illegalnguns",0,1
"illegals",0,2
"illegalstop",0,1
"illegalâ",0,1
"illegamte",0,1
"illicit",0,3
"illigal",0,2
"illinois",0,1
"illlegally",0,1
"illness",0,3
"illnesses",0,2
"ima",0,1
"image",0,4
"images",0,1
"imagine",0,11
"imagined",0,1
"imma",0,1
"immediate",0,2
"immediately",0,2
"immiting",0,1
"immobilize",0,1
"immortal",0,1
"impact",0,2
"impacted",0,1
"impair",0,1
"impaired",0,2
"impaling",0,1
"impediment",0,1
"implanted",0,1
"implement",0,2
"implemented",0,5
"implore",0,1
"imply",0,1
"implying",0,3
"important",0,4
"importation",0,1
"imposing",0,2
"impossible",0,6
"impoverished",0,2
"improve",0,1
"improved",0,2
"improvedamericasmdh",0,1
"inaccurate",0,2
"inact",0,1
"inand",0,1
"inanimate",0,2
"inappropriate",0,2
"inbred",0,1
"incarcerated",0,1
"incentive",0,1
"incident",0,4
"incidents",0,6
"incline",0,1
"include",0,8
"included",0,1
"including",0,8
"income",0,1
"incoming",0,1
"incorrect",0,4
"incorrectly",0,1
"incorrigible",0,1
"increases",0,1
"incredible",0,2
"incredibly",0,1
"indeed",0,1
"independence",0,1
"independent",0,1
"indian",0,1
"indicate",0,2
"indicates",0,1
"indication",0,1
"indicative",0,1
"individual",0,8
"individuals",0,2
"indoctrinations",0,1
"indoor",0,1
"industry",0,2
"inebriated",0,1
"ineffective",0,2
"inefficient",0,1
"inetllect",0,1
"inevitable",0,1
"inexcuseable",0,1
"infamous",0,6
"infamousheheheh",0,1
"infant",0,1
"infection",0,1
"inferences",0,1
"inferior",0,1
"inflate",0,1
"inflating",0,1
"inflicted",0,2
"influence",0,2
"info",0,3
"inform",0,1
"information",0,7
"informed",0,3
"infront",0,1
"inhabitants",0,2
"injection",0,2
"injure",0,2
"injured",0,6
"injuries",0,1
"injury",0,1
"inner",0,3
"innocent",0,18
"innocents",0,6
"input",0,1
"inquirer",0,1
"insane",0,10
"insanity",0,1
"inside",0,9
"insident",0,1
"insight",0,2
"insightful",0,1
"insinuate",0,2
"insinuating",0,1
"insist",0,1
"inspectednpersonally",0,1
"inspection",0,1
"inspire",0,1
"inspired",0,2
"inspiree",0,1
"inspiring",0,1
"insramints",0,1
"installed",0,1
"instance",0,5
"instances",0,3
"instantly",0,1
"instead",0,21
"instinct",0,3
"instituted",0,1
"institutionalization",0,1
"institutionalize",0,1
"institutions",0,1
"instructed",0,1
"instruction",0,1
"instruments",0,1
"insult",0,1
"insulting",0,2
"insurance",0,6
"insurrection",0,1
"int",0,1
"intelligent",0,3
"intend",0,1
"intended",0,2
"intense",0,1
"intent",0,5
"interested",0,4
"interesting",0,3
"interests",0,1
"interfere",0,1
"interiors",0,1
"international",0,1
"internet",0,8
"interpreted",0,2
"interrupted",0,1
"interruptions",0,1
"intervene",0,1
"intervention",0,1
"interview",0,3
"interviews",0,3
"into",0,3
"intoâ",0,1
"introduced",0,1
"intruder",0,6
"intruders",0,1
"invented",0,3
"investigate",0,1
"investing",0,1
"investment",0,1
"invisible",0,1
"involved",0,5
"involves",0,1
"involving",0,4
"iphone",0,2
"ireland",0,1
"ironic",0,5
"irons",0,1
"irony",0,6
"irrational",0,3
"irrefutable",0,1
"irrelevant",0,1
"irresponsible",0,1
"irresponsibly",0,2
"irritating",0,1
"isaac",0,1
"ish",0,1
"isis",0,2
"isla",0,3
"islam",0,7
"islamic",0,1
"island",0,4
"isnt",0,6
"isolation",0,1
"issue",0,15
"issued",0,1
"issues",0,16
"issuescare",0,1
"issueâ",0,1
"isus",0,1
"isâ",0,1
"italian",0,1
"itcnn",0,1
"item",0,1
"items",0,1
"itll",0,1
"its",0,97
"itzrodolfo",0,1
"ivan",0,2
"ive",0,23
"iznapusis",0,1
"jack",0,4
"jacket",0,1
"jacobb",0,1
"jail",0,3
"jails",0,1
"jaja",0,1
"jake",0,1
"jam",0,1
"jamaa",0,1
"james",0,3
"jan",0,2
"janitor",0,1
"japan",0,1
"jared",0,1
"jarring",0,1
"jasonortago",0,1
"jay",0,2
"jayy",0,1
"jealous",0,1
"jeanally",0,1
"jeez",0,1
"jeffries",0,1
"jenna",0,1
"jerk",0,1
"jerking",0,1
"jerry",0,1
"jesse",0,1
"jesus",0,1
"jewett",0,1
"jewitt",0,1
"jewsnfor",0,1
"jihadists",0,1
"jim",0,2
"jimiieâ",0,2
"jimmy",0,1
"jitsu",0,1
"jiu",0,1
"jknnnive",0,1
"job",0,15
"jobs",0,2
"jocks",0,2
"john",0,2
"johnny",0,1
"join",0,1
"joined",0,1
"joins",0,1
"joke",0,8
"jokela",0,1
"joker",0,3
"jokes",0,1
"joking",0,2
"jon",0,2
"jones",0,1
"jordon",0,1
"jorge",0,2
"joseph",0,1
"josiah",0,2
"joy",0,2
"judgement",0,3
"judgemental",0,1
"judging",0,2
"juggled",0,1
"july",0,1
"jump",0,12
"jumped",0,3
"june",0,1
"junior",0,4
"junkfood",0,1
"junkies",0,1
"juri",0,1
"jurisprudence",0,1
"justice",0,3
"justifiably",0,1
"justification",0,2
"justify",0,5
"justin",0,1
"kaijinâ",0,1
"kaitlin",0,1
"kaleb",0,1
"kaley",0,1
"kanye",0,1
"kaykay",0,1
"keep",0,35
"keeperofthecheeseâ",0,1
"keeping",0,2
"keeps",0,2
"kent",0,1
"kepponen",0,3
"kept",0,2
"kesbar",0,1
"kevin",0,4
"key",0,4
"keyboard",0,1
"keys",0,4
"keyâ",0,1
"kick",0,2
"kickass",0,1
"kicking",0,4
"kicks",0,2
"kid",0,24
"kiddies",0,2
"kidding",0,4
"kidnappedntop",0,1
"kidnapping",0,2
"kids",0,134
"kidsteens",0,1
"kill",0,96
"killed",0,53
"killeen",0,1
"killer",0,8
"killers",0,2
"killing",0,37
"killings",0,5
"killingsnnhoorayyyyy",0,1
"kills",0,9
"killsprees",0,1
"kind",0,24
"kinda",0,7
"kindergarden",0,1
"kindergarten",0,2
"kindergarteners",0,1
"kinds",0,1
"king",0,1
"kingdom",0,1
"kingofamericaâ",0,1
"kinves",0,1
"kitchen",0,1
"kitkat",0,1
"kkdkvnrdnnblinfdlfngdoinffbi",0,1
"kkkk",0,1
"klan",0,1
"klebiod",0,1
"klebold",0,3
"klebolt",0,1
"knew",0,12
"knife",0,9
"knifenni",0,1
"knight",0,3
"knives",0,4
"knobs",0,1
"knock",0,4
"knockin",0,1
"knocking",0,1
"knowing",0,8
"knowledge",0,8
"known",0,8
"knows",0,9
"kooks",0,2
"kumarâ",0,3
"kun",0,1
"kurac",0,1
"kwik",0,1
"kyle",0,2
"kã¶mrade",0,1
"labeling",0,1
"labour",0,1
"lack",0,4
"lacking",0,2
"lacks",0,1
"ladder",0,1
"lady",0,4
"ladys",0,1
"laeko",0,1
"laekostormz",0,3
"lake",0,3
"landslide",0,1
"language",0,3
"lanza",0,1
"lanzaâ",0,1
"laptops",0,1
"large",0,11
"larger",0,2
"largest",0,2
"las",0,1
"laser",0,1
"last",0,31
"lasted",0,1
"lastly",0,1
"lat",0,1
"late",0,7
"lately",0,1
"later",0,11
"latereveryone",0,1
"laternfox",0,1
"latvia",0,1
"laugh",0,5
"laughed",0,3
"laughing",0,11
"laughs",0,1
"launa",0,1
"launch",0,1
"launched",0,1
"launcher",0,1
"launchers",0,2
"laundry",0,2
"laurel",0,1
"law",0,44
"lawabiding",0,2
"lawbreakers",0,1
"lawful",0,2
"lawless",0,1
"lawnim",0,1
"laws",0,89
"lawsnnadolf",0,1
"lawsnnalso",0,1
"lawsuit",0,2
"lawsâ",0,2
"lawyer",0,1
"lay",0,1
"laying",0,2
"lazy",0,1
"lead",0,5
"leader",0,1
"leaders",0,1
"leads",0,2
"leagues",0,1
"leaked",0,1
"leaning",0,2
"learn",0,19
"learned",0,4
"learning",0,5
"lease",0,1
"least",0,37
"leave",0,13
"leaving",0,1
"led",0,1
"lee",0,3
"left",0,13
"leg",0,2
"legal",0,22
"legalise",0,1
"legalising",0,1
"legalizing",0,1
"legally",0,9
"legallyâ",0,1
"legalnmarijuanna",0,1
"legalnnnot",0,1
"legendary",0,1
"legislate",0,2
"legislation",0,9
"legislationâ",0,1
"legislative",0,1
"legislatures",0,1
"legit",0,1
"legs",0,2
"leisurely",0,1
"lemon",0,1
"lengths",0,1
"lesen",0,1
"less",0,33
"lessen",0,1
"lesson",0,1
"lessons",0,2
"let",0,29
"lethal",0,7
"lets",0,15
"letters",0,1
"letting",0,3
"level",0,9
"levels",0,1
"lever",0,1
"lewis",0,1
"lexi",0,1
"liability",0,2
"liar",0,1
"liars",0,1
"liberal",0,1
"liberals",0,2
"liberties",0,3
"liberty",0,3
"libertyâ",0,1
"libraries",0,1
"library",0,3
"libtard",0,1
"libtards",0,1
"license",0,5
"licensed",0,3
"licenses",0,3
"lie",0,7
"lies",0,7
"liesnnat",0,1
"life",0,48
"lifenbut",0,1
"lifes",0,1
"lifted",0,1
"light",0,4
"lightning",0,1
"lights",0,15
"lik",0,2
"liked",0,2
"likely",0,13
"likendid",0,1
"likes",0,1
"liking",0,2
"lil",0,1
"limit",0,6
"limited",0,1
"limitlessly",0,1
"limits",0,1
"lincoln",0,1
"line",0,5
"liner",0,1
"lines",0,3
"lineup",0,1
"link",0,6
"linkâ",0,1
"list",0,33
"listed",0,3
"listen",0,11
"listened",0,2
"listening",0,3
"listning",0,1
"listnn",0,1
"literally",0,6
"literature",0,1
"little",0,30
"live",0,65
"lived",0,3
"lives",0,27
"livesâ",0,1
"liveï»¿",0,1
"living",0,10
"lmao",0,7
"lmaooo",0,1
"lmfao",0,2
"load",0,3
"loaded",0,5
"loads",0,2
"loans",0,1
"lobby",0,3
"lobbying",0,1
"lobbyist",0,3
"lobbyists",0,1
"local",0,3
"localstate",0,1
"located",0,1
"location",0,2
"lock",0,71
"lockdown",0,42
"lockdowns",0,6
"locked",0,21
"locker",0,1
"lockers",0,3
"locking",0,1
"locks",0,3
"lodge",0,1
"logic",0,9
"logical",0,1
"logically",0,1
"logistically",0,1
"lok",0,1
"lokcdonwn",0,1
"lol",0,45
"lololol",0,1
"lone",0,2
"lonely",0,1
"long",0,14
"longer",0,4
"longest",0,1
"look",0,52
"looked",0,4
"looking",0,12
"looks",0,9
"looney",0,1
"loonies",0,1
"loool",0,1
"loops",0,1
"loosest",0,1
"lopez",0,2
"lord",0,2
"lords",0,1
"los",0,2
"lose",0,5
"losing",0,1
"loss",0,1
"lost",0,12
"lostn",0,1
"lot",0,23
"loud",0,6
"loudest",0,1
"loudspeakers",0,1
"loughner",0,1
"lourdes",0,1
"love",0,16
"loved",0,4
"loves",0,2
"low",0,5
"lower",0,9
"lowernni",0,1
"lowest",0,5
"lubys",0,3
"luca",0,1
"lucifer",0,1
"lucius",0,1
"luck",0,1
"luckily",0,2
"lucky",0,2
"lucrative",0,3
"luisa",0,1
"luke",0,1
"lump",0,1
"lunatic",0,3
"lunatics",0,1
"lunch",0,3
"lusitania",0,1
"lusitaniannwwii",0,1
"luther",0,1
"luxury",0,1
"lwopp",0,1
"lying",0,5
"lyon",0,1
"lyonâ",0,2
"lyrics",0,1
"macgrath",0,1
"machetes",0,1
"machine",0,5
"machinessorry",0,1
"mad",0,4
"made",0,54
"madmen",0,1
"madness",0,3
"madnpoundlands",0,1
"maffia",0,1
"mag",0,1
"magazine",0,1
"magazines",0,2
"magazinesban",0,1
"magazinesnautomatic",0,1
"magically",0,1
"main",0,3
"mainstream",0,2
"maintenance",0,2
"major",0,2
"majority",0,14
"majorly",0,1
"make",0,89
"makers",0,1
"makerssmuggles",0,1
"makes",0,28
"making",0,22
"male",0,1
"malicious",0,1
"malik",0,1
"mall",0,3
"man",0,30
"managed",0,2
"manager",0,1
"manages",0,1
"manchurian",0,1
"mandatory",0,2
"mane",0,1
"manipulation",0,1
"mann",0,2
"manner",0,1
"manson",0,19
"manufacturer",0,1
"many",0,59
"mao",0,1
"map",0,1
"maps",0,1
"maquinas",0,1
"march",0,1
"marijuana",0,6
"marilyn",0,15
"marine",0,1
"mark",0,4
"market",0,14
"marlyn",0,1
"marriage",0,1
"mart",0,1
"martial",0,1
"martin",0,2
"marxist",0,1
"maryland",0,1
"marylins",0,1
"maryln",0,1
"marysvillewashingtonâ",0,1
"masonic",0,1
"mass",0,78
"massacare",0,1
"massacre",0,25
"massacred",0,3
"massacren",0,1
"massacrenredneck",0,1
"massacres",0,8
"masses",0,3
"massive",0,3
"massmurdering",0,1
"massshooting",0,1
"massshootings",0,2
"match",0,2
"mate",0,1
"material",0,1
"materials",0,3
"maternity",0,1
"math",0,3
"mathematically",0,1
"mathew",0,1
"matt",0,2
"matter",0,19
"matters",0,2
"matty",0,1
"mature",0,1
"mavishill",0,1
"maximum",0,1
"may",0,26
"maybe",0,29
"mayhem",0,1
"maze",0,1
"mcauley",0,1
"mcdonalds",0,9
"mcds",0,1
"mci",0,1
"mcnmost",0,1
"mcnuggets",0,3
"mcqueen",0,1
"mean",0,34
"meaning",0,2
"means",0,12
"meant",0,4
"meanwhile",0,2
"measures",0,1
"meatpocketsâ",0,1
"mechanism",0,1
"media",0,19
"medical",0,1
"meds",0,1
"meen",0,1
"meeting",0,1
"melanie",0,1
"melee",0,2
"mellowhypeâ",0,1
"member",0,2
"members",0,5
"meme",0,1
"memorials",0,1
"memory",0,1
"men",0,14
"ment",0,1
"mental",0,25
"mentality",0,4
"mentally",0,9
"mention",0,7
"mentioned",0,1
"mentions",0,2
"meralin",0,1
"mere",0,1
"merged",0,1
"merica",0,3
"merican",0,1
"message",0,1
"messages",0,1
"messed",0,2
"mest",0,1
"met",0,4
"metal",0,9
"meth",0,2
"method",0,2
"methodnnnyou",0,1
"methods",0,3
"metro",0,1
"mexican",0,3
"mexicans",0,3
"mexico",0,6
"mexicoâ",0,1
"mhm",0,1
"michael",0,3
"mickdansforthâ",0,3
"micmac",0,1
"mid",0,2
"middle",0,12
"midnight",0,1
"might",0,25
"mighty",0,1
"mild",0,1
"miles",0,2
"military",0,6
"militia",0,3
"militias",0,1
"millerâ",0,1
"million",0,8
"millions",0,4
"millionsâ",0,1
"min",0,3
"mind",0,15
"minded",0,3
"mindfucking",0,1
"minds",0,3
"mindset",0,1
"mine",0,4
"minecraft",0,1
"mines",0,3
"minezxda",0,1
"minor",0,1
"minority",0,1
"mins",0,2
"minuets",0,1
"minus",0,1
"minute",0,2
"minutes",0,15
"minutesni",0,1
"miranda",0,1
"mirror",0,1
"misbehaving",0,1
"miscalculate",0,1
"misdirected",0,1
"miserable",0,1
"miserably",0,1
"misinformation",0,1
"misinformed",0,1
"miss",0,3
"missile",0,2
"mission",0,1
"mistakes",0,3
"misunderstanding",0,2
"misunderstood",0,1
"misuse",0,3
"misusing",0,1
"mix",0,2
"miyar",0,1
"miyarâ",0,1
"moab",0,1
"mob",0,5
"mock",0,1
"mode",0,2
"modern",0,2
"mohammed",0,1
"mojo",0,2
"molester",0,1
"molesting",0,2
"mom",0,9
"moment",0,2
"momma",0,1
"mommy",0,1
"mommydylan",0,1
"moms",0,3
"monday",0,1
"money",0,12
"moneynmfw",0,1
"mongering",0,2
"mongolian",0,1
"monkey",0,1
"monsters",0,1
"montgomery",0,1
"month",0,3
"monthly",0,1
"months",0,2
"montoyaâ",0,1
"monuments",0,1
"mony",0,1
"mood",0,1
"moon",0,5
"moordenaar",0,1
"moot",0,1
"mor",0,1
"moral",0,2
"morales",0,1
"morally",0,1
"morals",0,1
"morano",0,1
"moranoâ",0,1
"moranðufuuf",0,1
"morbidly",0,1
"more",0,14
"moron",0,3
"moronic",0,1
"morons",0,1
"most",0,14
"mostly",0,7
"mother",0,12
"motheralso",0,1
"motherfucker",0,4
"motherfuckers",0,1
"mothers",0,2
"motion",0,1
"motions",0,1
"motivated",0,1
"motive",0,3
"motives",0,2
"mouse",0,1
"mouth",0,3
"mouthnnanderson",0,1
"mouths",0,3
"move",0,7
"moved",0,3
"moves",0,1
"movie",0,11
"movies",0,6
"mow",0,1
"mph",0,3
"mrrussain",0,1
"msm",0,1
"much",0,56
"muchnnand",0,1
"muchteaching",0,1
"mud",0,1
"mug",0,2
"mugger",0,1
"mugging",0,1
"multiple",0,6
"multiply",0,1
"murca",0,1
"murder",0,24
"murdered",0,2
"murderer",0,3
"murdering",0,3
"murderous",0,2
"murders",0,14
"murderâ",0,1
"murica",0,5
"muricafucking",0,1
"muricans",0,2
"muricunts",0,1
"music",0,10
"musicnnsome",0,1
"musicâ",0,1
"muslim",0,2
"muslims",0,1
"muslins",0,1
"must",0,20
"mustve",0,1
"muther",0,1
"myerswâ",0,1
"myownprivatealexs",0,1
"mysterious",0,1
"nah",0,2
"nail",0,2
"naive",0,1
"naivete",0,1
"nall",0,1
"nalso",0,1
"name",0,15
"named",0,3
"names",0,3
"nana",0,1
"nand",0,3
"nap",0,1
"narcissistic",0,1
"narrative",0,1
"narrators",0,1
"narrow",0,1
"nas",0,1
"nate",0,2
"nathanepicâ",0,3
"nation",0,16
"national",0,4
"nationality",0,2
"nations",0,26
"nationwide",0,1
"native",0,1
"natural",0,2
"naturally",0,1
"nature",0,1
"navy",0,1
"nazi",0,4
"naã¯ve",0,1
"nbc",0,2
"nbefore",0,1
"nbut",0,3
"ndaniel",0,1
"ndont",0,1
"near",0,10
"nearby",0,2
"nearest",0,1
"nearly",0,3
"neccasary",0,1
"necessary",0,3
"neck",0,1
"need",0,95
"needed",0,8
"needlessly",0,1
"needs",0,11
"nefarious",0,2
"negative",0,1
"negligence",0,1
"negligent",0,1
"neighbor",0,1
"neighborhood",0,1
"neighborhoodsnnget",0,1
"neighbors",0,1
"neighbourhood",0,1
"nein",0,1
"neo",0,1
"nephews",0,1
"nerve",0,2
"nervous",0,4
"netherlands",0,1
"neutral",0,2
"never",0,87
"new",0,23
"newborns",0,1
"newfound",0,1
"news",0,12
"newsn",0,1
"newton",0,4
"newtown",0,3
"next",0,15
"nextnfucking",0,1
"nfake",0,1
"nfor",0,2
"nhere",0,1
"nhow",0,1
"nhttpcriticalitycobarackobamamanchuriancandidate",0,1
"nhttpshellenandchaosblogspotcoukknowthyenemyterrandragoniancronianhtml",0,1
"nhttpswwwgenerositycomemergenciesfundraisingrescuetaskforceneedshelpx",0,1
"nhttpwwwsascvorgijcjspdfslemieuxijcjsvolissuepdfnpage",0,1
"nice",0,5
"nicecnn",0,1
"niceee",0,1
"nicely",0,1
"nicer",0,2
"nick",0,2
"nickel",0,2
"nickâ",0,1
"nicole",0,1
"nics",0,1
"nidal",0,1
"niece",0,1
"nieces",0,1
"nigga",0,3
"nigger",0,1
"niggers",0,1
"night",0,9
"nightmare",0,1
"nightmayorâ",0,1
"nikeducks",0,1
"nil",0,3
"nim",0,2
"nin",0,1
"nine",0,1
"ninja",0,1
"nitrate",0,1
"nits",0,1
"nixon",0,2
"njust",0,1
"nlinkâ",0,1
"nlithuania",0,1
"nlol",0,1
"nmaybe",0,1
"nmericans",0,1
"nmurica",0,1
"nmuricaâ",0,1
"nmy",0,1
"nnalso",0,1
"nnamerica",0,1
"nnconversely",0,1
"nncrazyasscountry",0,1
"nnengland",0,1
"nnexcept",0,1
"nnfinally",0,2
"nnfirst",0,1
"nngame",0,1
"nngetting",0,1
"nngood",0,2
"nngreenland",0,1
"nnhow",0,2
"nnhttpwwwjustfactscomimagesguncontrolchicagohandgunspngnnlooks",0,1
"nnhttpwwwjustfactscomimagesguncontrolenglandpngnnlooks",0,1
"nni",0,1
"nnif",0,1
"nnin",0,2
"nnit",0,1
"nnits",0,3
"nnjust",0,1
"nnlastly",0,1
"nnmark",0,1
"nnmight",0,1
"nnmore",0,1
"nnnfor",0,1
"nnnfuck",0,1
"nnnnote",0,1
"nnnnow",0,1
"nnnot",0,2
"nnnow",0,2
"nnnunder",0,1
"nnnyou",0,1
"nno",0,2
"nnoh",0,1
"nnonce",0,1
"nnor",0,2
"nnplease",0,1
"nnps",0,1
"nnreminder",0,1
"nnrestricting",0,1
"nnsecond",0,1
"nnsemper",0,1
"nnso",0,3
"nnsure",0,1
"nnthe",0,4
"nnthere",0,1
"nnthink",0,1
"nnthis",0,2
"nnvery",0,1
"nnvideos",0,1
"nnwake",0,1
"nnwe",0,2
"nnwell",0,1
"nnwhere",0,1
"nnwho",0,1
"nnwhy",0,1
"nnwould",0,1
"nnyes",0,1
"nnyou",0,6
"nnyour",0,2
"nnyoure",0,1
"noah",0,1
"nobody",0,16
"nobodys",0,1
"nof",0,1
"noise",0,2
"noises",0,3
"nomg",0,1
"non",0,1
"nonamerican",0,1
"none",0,11
"nonlethal",0,1
"nonrace",0,1
"nonsense",0,1
"nonsenseâ",0,1
"noo",0,1
"noogastrong",0,1
"nooooo",0,1
"nope",0,2
"norm",0,6
"normal",0,6
"normâ",0,1
"north",0,3
"northern",0,2
"noses",0,1
"not",0,30
"note",0,4
"noted",0,1
"nothing",0,44
"nothingâ",0,1
"notice",0,6
"noticed",0,4
"notify",0,2
"notion",0,2
"notoriousnairb",0,1
"now",0,52
"nowadays",0,3
"nowhere",0,2
"nownnand",0,2
"nprinciple",0,1
"nra",0,8
"nrecently",0,1
"nrun",0,1
"nsa",0,1
"nschools",0,1
"nshot",0,1
"nsmh",0,1
"nso",0,2
"nsometimes",0,1
"nthe",0,2
"nthen",0,1
"nthere",0,1
"nthis",0,3
"nuanced",0,1
"nuggets",0,8
"nuggs",0,1
"nuke",0,3
"number",0,19
"numbers",0,7
"numbersâ",0,1
"numerous",0,3
"nurish",0,1
"nurse",0,1
"nus",0,1
"nut",0,1
"nutjobs",0,2
"nuts",0,7
"nwhen",0,1
"nwhod",0,1
"nyc",0,2
"nyeah",0,1
"nyou",0,3
"nyoure",0,1
"nâ",0,2
"nâu¢",0,1
"oasisofspiritâ",0,1
"obama",0,3
"obedience",0,1
"obese",0,2
"obeyed",0,1
"objects",0,4
"oblivion",0,1
"obsessed",0,2
"obtain",0,1
"obtained",0,1
"obtaining",0,1
"obvious",0,5
"obviously",0,9
"obviousâ",0,1
"occasion",0,1
"occasional",0,1
"occupation",0,1
"occupied",0,1
"occur",0,1
"occurntsuch",0,1
"occurred",0,3
"occurrence",0,3
"occurrences",0,2
"occurs",0,5
"odd",0,1
"ofcoursemakes",0,1
"off",0,1
"offend",0,1
"offenders",0,1
"offenses",0,1
"offensive",0,1
"office",0,3
"officer",0,5
"officers",0,4
"offices",0,1
"official",0,3
"officials",0,1
"offs",0,1
"often",0,12
"ohhh",0,1
"ohhhhhhhhhhhhhhhhhhhhhhhhhhhhhhhhhhhhhhhhhhhhhhhhhhhhhhhhhhhhhhhhhhhhhhhhhhhhhhhhhhhhhhhhhhhhhhhhhhhhhhhhhhhhhhhhhhhhhhhhhhhhhhhhhhhhhhhhhhhhhhhhhhhhhhhhhhhhhhhhhhhhhhhhhhhhhhhhhhhhhhhhhhhhhhhhhhhhhhhhhhhhhhhhhhhhhhhhhhhhhhhhhhhhhhhhhhhhhhhhhhhhhhhhhhhhhhhhhhhhhhhhhhhhhhhhhhhhhhhhhhhhhhhhhhhhhhhhhhhhhhhhhhhhhhhhhhhhhhhhhhhhhhhhhhhhhhhhhhhhhhhhhhhhhhhhhhhhhhhhhhhhhhhhhhhhhhhhhhhhhhhhhhhhhhhhhhhhhhhhhhhhhhhhhhhhhhhhhhhhhhhhhhhhhhhhhhhhhhhhhhhhhhhhhhhhhhhhhhhhhhhhhhhhhhhhhhhhhhhhhhhhhhhhhhhhhhhhhhhhhhhhhhhhhhhhhhhhhhhhhhhhhhhhhhhhhhhhhhhhhhhhhhhhhhhhhhhhhhhhhhhhhhhhhhhhhhhhhhhhhhhhhhhhhhhhhhhhhhhhhhhhhhhhhhhhhhhhhhhhhhhhhhhhhhhhhhhhhhhhhhhhhhhhhhhhhhhhhhhhhhhhhhhhhhhhhhhhhhhhhhhhhhhhhhhhhhhhhhhhhhhhhhhhhhhhhhhhhhhhhhhhhhhhhhhhhhhhhhhhhhhhhhhhhhhhhhhhhhhhhhhhhhhhhhhhhhhhhhhhhhhhhhhhhhhhhhhhhhhhhhhhhhhhhhhhhhhhhhhhhhhhhhhhhhhhhhhhhhhhhhhhhhhhhhhhhhhhhhhhhhhhhhhhhhhhhhhhhhhhhhhhhhhhhhhhhhhhhhhhhhhhhhhhhhhhhhhhhhhhhhhhhhhhhhhhhhhhhhhhhhhhhhhhhhhhhhhhhhhhhhhhhhhhhhhhhhhhhhhhhhhhhhhhhhhhhhhhhhhhhhhhhhhhhhhhhhhhhhhhhhhhhhh",0,1
"ohio",0,1
"ohok",0,1
"oii",0,1
"okay",0,12
"okayâ",0,1
"okn",0,1
"okâ",0,1
"okðufuu",0,1
"old",0,32
"older",0,4
"oldmrmegadrive",0,1
"olds",0,4
"omfg",0,3
"omg",0,11
"omgn",0,1
"once",0,10
"oneillâ",0,1
"ones",0,22
"oneself",0,1
"onetwo",0,1
"oneâ",0,1
"online",0,1
"only",0,11
"onto",0,3
"oorrrr",0,1
"open",0,28
"opened",0,3
"openminded",0,1
"opens",0,5
"operating",0,1
"operation",0,1
"opinion",0,13
"opinionated",0,1
"opinions",0,9
"opinionsâ",0,1
"oppertunity",0,1
"opponent",0,1
"opportunity",0,2
"opposed",0,3
"opposedâ",0,1
"opposing",0,1
"opposite",0,4
"opposition",0,1
"oppositions",0,1
"oppressive",0,3
"option",0,2
"optional",0,1
"orchestra",0,1
"order",0,12
"orders",0,1
"ordinary",0,2
"oregon",0,1
"organised",0,1
"organizations",0,1
"organized",0,2
"organs",0,1
"oriented",0,1
"original",0,3
"originally",0,1
"other",0,3
"others",0,24
"othersntthough",0,1
"otherwise",0,9
"otherwiseâ",0,1
"ouch",0,2
"oughta",0,1
"our",0,9
"ourselves",0,1
"out",0,3
"outcomes",0,1
"outdated",0,4
"outfits",0,1
"outlaw",0,1
"outlawed",0,2
"outlawing",0,1
"outlet",0,1
"outnumbered",0,1
"outside",0,11
"outsmarted",0,1
"outta",0,3
"over",0,6
"overall",0,4
"overcome",0,1
"overjoyed",0,1
"overkill",0,2
"overlook",0,1
"overpopulating",0,1
"overrated",0,1
"overthrow",0,2
"overtop",0,1
"overweight",0,1
"ovie",0,1
"owing",0,1
"own",0,1
"owned",0,5
"owner",0,5
"owners",0,6
"ownership",0,9
"ownersï»¿",0,1
"ownerâ",0,2
"owning",0,5
"owns",0,1
"oxymoron",0,1
"pace",0,1
"pacifist",0,1
"pack",0,1
"packages",0,1
"packed",0,1
"packing",0,1
"packs",0,2
"padua",0,1
"paduanyeah",0,1
"pages",0,1
"pageâ",0,1
"paid",0,6
"pain",0,3
"painful",0,1
"pair",0,1
"paiz",0,2
"pakistan",0,2
"pakistani",0,2
"palaeolithic",0,1
"palm",0,1
"panic",0,4
"panics",0,1
"pans",0,1
"panthers",0,1
"pants",0,1
"papa",0,1
"paper",0,9
"papers",0,1
"par",0,1
"paragraph",0,1
"paragraphs",0,1
"paramedic",0,1
"paramedicsâ",0,1
"paranoia",0,1
"paranoid",0,1
"parasites",0,2
"parent",0,2
"parents",0,40
"parentsâ",0,1
"parker",0,5
"parkers",0,1
"parking",0,1
"parlor",0,1
"parolee",0,1
"part",0,21
"partially",0,1
"particular",0,3
"particularly",0,3
"parties",0,1
"partners",0,3
"parts",0,2
"party",0,3
"pasar",0,1
"pass",0,4
"passed",0,4
"passes",0,1
"passing",0,1
"passively",0,1
"passnnmommy",0,1
"past",0,7
"patches",0,1
"patersonnthere",0,1
"path",0,1
"pathetic",0,1
"patrick",0,1
"patrol",0,1
"patron",0,1
"pats",0,1
"patsies",0,1
"pattern",0,1
"paul",0,1
"pause",0,2
"pay",0,5
"payback",0,2
"paying",0,1
"pcychopath",0,1
"peace",0,2
"peaceful",0,4
"pecking",0,1
"pedophile",0,1
"peers",0,1
"penalty",0,1
"penatly",0,1
"pencil",0,1
"pencils",0,1
"penn",0,1
"peoplenmaybe",0,1
"peoplennnothing",0,1
"peoplennsmart",0,1
"peoplennyeah",0,1
"peoplenthe",0,1
"peoples",0,10
"peopleâ",0,3
"peppa",0,1
"pepper",0,3
"per",0,9
"perceive",0,1
"percent",0,1
"percentages",0,1
"perception",0,1
"pereiramarianaâ",0,1
"perfect",0,7
"perfectly",0,2
"perfectlyâ",0,1
"perfectðufuu",0,1
"perform",0,1
"perhaps",0,6
"period",0,6
"periodn",0,1
"perla",0,1
"permanent",0,1
"permit",0,3
"permits",0,3
"permitted",0,1
"perp",0,4
"perpetrated",0,2
"perpetrators",0,3
"perpetratorsâ",0,1
"perpetual",0,1
"perpetuate",0,2
"perpetuated",0,1
"perpetuating",0,1
"perpetuationni",0,1
"perps",0,1
"persecuting",0,1
"person",0,44
"personal",0,11
"personality",0,2
"personalitymoodsmental",0,1
"personally",0,5
"persons",0,3
"personâ",0,1
"perspective",0,1
"pertaining",0,1
"pervasive",0,1
"perverted",0,1
"petrucci",0,2
"pew",0,1
"phillips",0,1
"phone",0,4
"phones",0,5
"photonpresstitutes",0,1
"photos",0,1
"physical",0,2
"physically",0,4
"pick",0,3
"picked",0,2
"picking",0,2
"picture",0,1
"pictures",0,2
"pictureâ",0,1
"piece",0,7
"pieces",0,1
"piers",0,1
"pig",0,3
"pigs",0,1
"pile",0,2
"pillchugging",0,1
"pillows",0,1
"pin",0,3
"piss",0,2
"pissed",0,1
"pisses",0,1
"pistol",0,5
"pistols",0,2
"pits",0,1
"pitts",0,9
"pittsâ",0,6
"place",0,35
"placed",0,1
"placenngreat",0,1
"places",0,25
"placing",0,1
"plain",0,6
"plan",0,12
"plane",0,2
"planet",0,4
"planned",0,1
"planning",0,3
"plans",0,3
"planðufuu",0,1
"plastic",0,1
"plates",0,1
"plausible",0,1
"play",0,11
"played",0,1
"player",0,1
"playing",0,4
"plea",0,1
"please",0,27
"pleaseâ",0,1
"plenty",0,12
"plot",0,1
"plowing",0,1
"pls",0,1
"plus",0,14
"plywood",0,1
"pocket",0,1
"point",0,32
"pointing",0,2
"points",0,4
"pointâ",0,1
"poison",0,2
"poisonous",0,3
"police",0,56
"policeman",0,1
"policemen",0,1
"policy",0,4
"politely",0,1
"political",0,3
"politically",0,2
"politician",0,1
"polling",0,1
"pompous",0,1
"pools",0,2
"pooniidavidâ",0,3
"poor",0,11
"poorly",0,2
"pootato",0,1
"pop",0,2
"popped",0,1
"populace",0,1
"popular",0,5
"populated",0,1
"population",0,6
"porn",0,2
"porno",0,1
"port",0,2
"porta",0,1
"position",0,3
"positioned",0,1
"positive",0,2
"positives",0,1
"possess",0,1
"possessesâ",0,1
"possessionnnso",0,1
"possibility",0,2
"possible",0,16
"possibly",0,1
"post",0,6
"posted",0,7
"posting",0,6
"posts",0,2
"potato",0,1
"potentially",0,1
"pots",0,1
"potties",0,3
"pounce",0,2
"poundworlds",0,1
"poured",0,1
"poverty",0,15
"povertydrug",0,1
"powell",0,1
"power",0,15
"powerful",0,1
"powerless",0,1
"powers",0,1
"pozner",0,1
"pozners",0,1
"ppl",0,9
"practical",0,2
"practice",0,14
"practiced",0,1
"practicenbetter",0,1
"practices",0,4
"practicing",0,5
"prank",0,4
"pranks",0,1
"prat",0,1
"pray",0,2
"prayer",0,1
"preach",0,1
"precaution",0,1
"precautions",0,2
"precautionâ",0,1
"precious",0,1
"precrime",0,1
"predetermined",0,1
"predictable",0,1
"prefer",0,1
"pregnancy",0,1
"premier",0,1
"premierâ",0,1
"premises",0,1
"preparation",0,1
"preparations",0,1
"prepare",0,8
"prepared",0,7
"preparedness",0,1
"prepares",0,3
"preparing",0,1
"pres",0,1
"prescription",0,1
"presence",0,1
"present",0,3
"presentation",0,2
"president",0,2
"press",0,1
"pressed",0,1
"pressure",0,2
"pressurized",0,1
"presumptuous",0,1
"pretend",0,4
"pretended",0,1
"pretending",0,2
"pretty",0,22
"prevalent",0,1
"prevent",0,11
"preventablenâ",0,1
"preventativennto",0,1
"prevented",0,2
"prevention",0,3
"preventâ",0,1
"price",0,1
"pricible",0,1
"primitive",0,1
"principal",0,6
"principals",0,1
"principle",0,8
"prints",0,1
"prior",0,1
"priority",0,2
"priors",0,1
"prishpreed",0,1
"prison",0,4
"prisoners",0,1
"privacy",0,3
"private",0,7
"privately",0,1
"privateâ",0,1
"privilege",0,1
"privy",0,1
"pro",0,2
"probables",0,1
"probably",0,44
"probaly",0,1
"problem",0,52
"problematic",0,2
"problems",0,9
"procedure",0,2
"procedures",0,2
"process",0,3
"processes",0,1
"procidures",0,1
"produce",0,1
"product",0,3
"productive",0,3
"professionals",0,2
"profound",0,1
"progun",0,1
"prohibited",0,1
"prohibiting",0,1
"prohibition",0,6
"projectile",0,3
"promise",0,1
"proof",0,13
"prop",0,1
"propaganda",0,4
"proper",0,5
"properly",0,3
"property",0,2
"propoganda",0,1
"proponents",0,1
"proposals",0,1
"propose",0,2
"proposed",0,2
"proposing",0,2
"pros",0,1
"prosecuted",0,1
"protect",0,25
"protected",0,2
"protectedðufuuðufuu",0,1
"protecting",0,3
"protection",0,3
"protective",0,2
"protocal",0,1
"proud",0,2
"prove",0,6
"proved",0,2
"proven",0,11
"provenâ",0,1
"proves",0,2
"provide",0,1
"provided",0,3
"providers",0,1
"proving",0,1
"proximity",0,1
"prozgamingâ",0,1
"pshicous",0,1
"psyche",0,1
"psychiatric",0,1
"psychicalmental",0,1
"psycho",0,3
"psychological",0,1
"psychology",0,1
"psychopath",0,2
"psychopaths",0,3
"psychos",0,2
"psychosis",0,2
"psychotic",0,1
"psyop",0,1
"psyops",0,2
"ptsd",0,7
"ptsdnnyou",0,1
"public",0,22
"publics",0,1
"published",0,2
"pueblo",0,1
"pues",0,1
"pull",0,10
"pulled",0,4
"pulling",0,4
"pulls",0,3
"pulse",0,1
"pummel",0,1
"pumped",0,1
"pun",0,2
"punch",0,3
"punched",0,1
"punches",0,3
"punished",0,3
"punishment",0,1
"punishments",0,4
"punk",0,1
"punks",0,1
"pupil",0,1
"pupils",0,2
"puppet",0,1
"puppets",0,1
"puppetstrngs",0,3
"puppetstrngsâ",0,1
"purchase",0,11
"purchased",0,1
"purchaser",0,1
"purchasers",0,1
"purchases",0,1
"purchasing",0,1
"pure",0,3
"purpose",0,5
"purposes",0,1
"purse",0,2
"purses",0,1
"push",0,5
"pushing",0,2
"pussies",0,4
"pussy",0,1
"pussys",0,1
"put",0,40
"puts",0,4
"putting",0,6
"puzzle",0,1
"pyant",0,2
"qith",0,1
"qualified",0,3
"question",0,9
"questions",0,2
"quick",0,3
"quickly",0,3
"quiet",0,5
"quietly",0,1
"quit",0,2
"quite",0,7
"quiza",0,1
"quote",0,3
"quran",0,1
"race",0,12
"races",0,2
"rachel",0,4
"racial",0,1
"racially",0,1
"racing",0,3
"racism",0,6
"racismâ",0,1
"racist",0,10
"racists",0,2
"racsist",0,1
"radical",0,3
"radicalized",0,1
"radically",0,1
"rage",0,3
"rain",0,1
"rained",0,1
"rains",0,1
"raise",0,1
"raised",0,1
"raising",0,2
"rallies",0,1
"rally",0,1
"ram",0,1
"ramboâ",0,1
"rampage",0,1
"rampages",0,1
"rampantâ",0,1
"ran",0,3
"random",0,4
"randomly",0,1
"range",0,1
"ranged",0,1
"ranson",0,1
"rant",0,1
"rap",0,2
"rape",0,2
"raped",0,5
"rapid",0,1
"rapidly",0,1
"raping",0,1
"rapist",0,1
"rare",0,3
"rarely",0,1
"rarest",0,1
"rate",0,27
"rates",0,19
"ratesnnantigun",0,1
"ratesâ",0,1
"rather",0,18
"ratify",0,1
"rating",0,4
"rational",0,3
"rats",0,1
"rattle",0,1
"raverlyfe",0,2
"reaching",0,1
"react",0,6
"reacting",0,2
"reaction",0,2
"read",0,11
"readily",0,1
"reading",0,3
"reads",0,2
"ready",0,6
"real",0,76
"realise",0,4
"realised",0,1
"realism",0,1
"realistic",0,6
"realistically",0,1
"reality",0,6
"realize",0,13
"realized",0,2
"realizes",0,1
"reallyâ",0,1
"realsholy",0,1
"reason",0,31
"reasonable",0,2
"reasoning",0,2
"reasons",0,8
"reasonsimagine",0,1
"rebellion",0,1
"rebuilt",0,1
"recall",0,1
"receive",0,1
"receiving",0,1
"recent",0,2
"recently",0,2
"recidivism",0,1
"recidivist",0,1
"recommend",0,2
"reconsider",0,1
"record",0,4
"recorders",0,1
"recreating",0,1
"recreation",0,1
"red",0,9
"redistribute",0,1
"redneck",0,2
"rednecks",0,1
"redo",0,1
"reds",0,1
"reduce",0,3
"reduced",0,3
"reduces",0,1
"reed",0,1
"reefer",0,1
"reek",0,1
"reenactment",0,1
"refer",0,1
"reference",0,1
"referring",0,3
"reflect",0,1
"reflex",0,1
"reform",0,2
"refrom",0,1
"refusal",0,1
"refuse",0,3
"refused",0,2
"refute",0,1
"regard",0,1
"regarding",0,4
"regardless",0,5
"registered",0,2
"registration",0,3
"registries",0,1
"registry",0,9
"registryâ",0,4
"regular",0,4
"regulate",0,1
"regulation",0,1
"regulations",0,6
"regulationâ",0,1
"rehearse",0,1
"reinforces",0,1
"reiterate",0,1
"reject",0,1
"rejects",0,1
"rekt",0,1
"related",0,4
"relatedâ",0,1
"relations",0,1
"relative",0,1
"release",0,4
"released",0,4
"releases",0,1
"releasing",0,2
"relevant",0,2
"reliance",0,1
"religion",0,3
"religionn",0,1
"religions",0,3
"relive",0,1
"rell",0,1
"reload",0,1
"reloading",0,1
"rely",0,1
"relying",0,1
"remain",0,5
"remaining",0,1
"remains",0,1
"remarkable",0,1
"remember",0,27
"remembered",0,7
"remembers",0,2
"remind",0,1
"reminding",0,1
"reminds",0,1
"remote",0,1
"removed",0,2
"removers",0,1
"removing",0,1
"rendered",0,1
"repair",0,1
"repaired",0,1
"repealed",0,1
"repealing",0,1
"repeat",0,6
"repelled",0,1
"repetitive",0,1
"replace",0,1
"reply",0,3
"report",0,7
"reported",0,2
"reporting",0,2
"reports",0,5
"republic",0,1
"republicans",0,1
"reputation",0,1
"requested",0,1
"require",0,3
"required",0,8
"requires",0,2
"rescue",0,1
"research",0,8
"residential",0,1
"residue",0,1
"resort",0,7
"resources",0,4
"respawn",0,1
"respect",0,2
"respective",0,2
"respond",0,4
"responder",0,1
"responders",0,1
"responding",0,3
"response",0,4
"responses",0,1
"responsible",0,14
"responsibly",0,2
"rest",0,16
"restaurant",0,1
"restictions",0,1
"restnnmommy",0,1
"restrain",0,1
"restrict",0,2
"restricted",0,3
"restricting",0,1
"restriction",0,8
"restrictions",0,4
"restrictionsnlarger",0,1
"restrictionsâ",0,1
"restrictive",0,2
"result",0,7
"resulted",0,1
"resulting",0,1
"results",0,3
"resumed",0,1
"retard",0,2
"retarded",0,3
"retardlearn",0,1
"retards",0,1
"retarted",0,1
"retold",0,1
"retribution",0,1
"return",0,2
"reused",0,1
"reveals",0,3
"revelation",0,1
"revenue",0,1
"review",0,1
"revise",0,2
"revisions",0,1
"revisited",0,1
"revoked",0,1
"revolution",0,1
"reward",0,2
"rewrite",0,1
"reyes",0,2
"rhode",0,2
"rich",0,2
"richard",0,2
"rid",0,7
"ridden",0,1
"ride",0,1
"ridicules",0,1
"ridiculous",0,6
"ridiculously",0,2
"ridiculousnnban",0,1
"ridiculousâ",0,1
"rielly",0,1
"rifle",0,4
"rifles",0,9
"rifs",0,1
"rigged",0,1
"right",0,74
"rightful",0,1
"rightfully",0,1
"righti",0,1
"rights",0,10
"rightwingers",0,1
"rightâ",0,1
"riot",0,1
"rip",0,4
"ripcolumbine",0,1
"risen",0,1
"rises",0,1
"rising",0,1
"risk",0,4
"risks",0,1
"ritual",0,1
"rival",0,1
"road",0,5
"rob",0,2
"robbed",0,2
"robber",0,2
"robberies",0,2
"robbery",0,2
"robbie",0,3
"robbies",0,1
"robert",0,2
"robery",0,1
"roca",0,1
"rock",0,1
"rocket",0,1
"rockrap",0,1
"rodger",0,2
"rodgers",0,1
"rodriguez",0,2
"roel",0,2
"roger",0,2
"roige",0,1
"roll",0,1
"rolling",0,1
"roman",0,1
"romo",0,1
"ronannrequiring",0,1
"rony",0,3
"roof",0,1
"room",0,34
"rooms",0,3
"roomâ",0,1
"root",0,5
"rope",0,1
"rory",0,1
"rot",0,2
"rough",0,2
"round",0,1
"rounds",0,4
"rowdy",0,2
"rpg",0,2
"rubber",0,3
"rubbing",0,1
"rug",0,1
"ruin",0,1
"ruining",0,1
"rule",0,1
"rules",0,5
"rumors",0,2
"rumours",0,1
"run",0,28
"runner",0,1
"runners",0,1
"running",0,8
"runs",0,4
"rupert",0,1
"rush",0,1
"rushed",0,1
"rushing",0,2
"russia",0,5
"ruthless",0,1
"sacrifice",0,1
"sad",0,27
"saddest",0,1
"sadest",0,1
"sadistic",0,2
"sadly",0,4
"safe",0,25
"safely",0,2
"safenshooter",0,1
"safer",0,7
"safest",0,2
"safety",0,9
"sake",0,4
"sakes",0,1
"sales",0,3
"sam",0,1
"same",0,6
"samson",0,1
"san",0,7
"sandifer",0,2
"sandy",0,79
"sandyhook",0,5
"sane",0,2
"sangre",0,1
"santo",0,1
"sarcasm",0,2
"sarcastic",0,1
"sas",0,1
"sassaf",0,1
"sat",0,3
"satanic",0,3
"saturated",0,1
"saturday",0,1
"savagedragon",0,3
"save",0,11
"saved",0,5
"saves",0,1
"saving",0,4
"savior",0,1
"saw",0,13
"sawed",0,1
"saying",0,42
"says",0,26
"scale",0,2
"scalesâ",0,1
"scapegoats",0,1
"scar",0,1
"scare",0,8
"scared",0,28
"scarednâu¢",0,1
"scares",0,1
"scarier",0,1
"scariest",0,2
"scaring",0,7
"scarred",0,1
"scary",0,21
"scatches",0,1
"scenario",0,7
"scenarios",0,1
"scene",0,4
"scery",0,1
"schedule",0,1
"school",0,413
"schoolmass",0,1
"schoolngunsshouldnotbeforsale",0,1
"schoolnhe",0,1
"schoolnnot",0,1
"schoolnthen",0,1
"schools",0,51
"schumer",0,1
"schuster",0,1
"schusterâ",0,1
"science",0,2
"sciences",0,1
"scientific",0,3
"scientifically",0,2
"scissors",0,2
"scoffed",0,1
"scoop",0,1
"scope",0,1
"scotland",0,1
"scott",0,3
"scrapped",0,1
"scratch",0,1
"scream",0,6
"screamed",0,2
"screaming",0,9
"screams",0,1
"screen",0,1
"screw",0,1
"screwed",0,2
"scripted",0,1
"scrolling",0,1
"scum",0,4
"search",0,1
"searchbar",0,1
"searches",0,1
"searching",0,2
"seatbelt",0,1
"seats",0,2
"seb",0,3
"sebsterâ",0,3
"sec",0,3
"second",0,13
"secondly",0,2
"seconds",0,1
"secret",0,2
"secretary",0,1
"section",0,1
"sects",0,1
"secure",0,3
"secured",0,1
"securely",0,1
"security",0,12
"see",0,64
"seeing",0,6
"seek",0,2
"seem",0,11
"seemingly",0,1
"seems",0,7
"seen",0,21
"sees",0,1
"seeshears",0,1
"seeâ",0,1
"segregation",0,1
"segway",0,1
"seizures",0,1
"self",0,18
"selfdefence",0,1
"selfdefencennchildren",0,1
"selfdefense",0,1
"selfdestructive",0,1
"selfoffense",0,1
"selfserving",0,1
"sell",0,6
"sellers",0,1
"selling",0,6
"selves",0,3
"semester",0,1
"semi",0,5
"semiauto",0,2
"semiautomaticsfully",0,1
"seminars",0,1
"senator",0,1
"send",0,7
"sending",0,1
"sends",0,1
"sense",0,19
"senseless",0,2
"sensetive",0,1
"sensitive",0,2
"sent",0,2
"sentece",0,1
"sentence",0,4
"sentences",0,5
"separate",0,1
"seperate",0,1
"seppo",0,3
"serecly",0,1
"serial",0,4
"serious",0,8
"seriously",0,17
"serve",0,2
"served",0,1
"serves",0,1
"service",0,4
"session",0,1
"set",0,5
"settle",0,1
"several",0,4
"severe",0,2
"severely",0,2
"sex",0,7
"sexual",0,1
"sexy",0,2
"sfmshorts",0,1
"shade",0,2
"shake",0,1
"shakes",0,2
"shall",0,1
"shame",0,2
"shamrock",0,2
"shane",0,1
"shape",0,1
"share",0,1
"sharing",0,1
"sharks",0,1
"sharp",0,3
"sharpener",0,1
"shawâ",0,2
"she",0,3
"shed",0,1
"sheep",0,4
"sheeple",0,1
"sheet",0,1
"sheets",0,1
"shelby",0,1
"shelf",0,2
"shell",0,1
"shelter",0,1
"sheriff",0,1
"sheriffs",0,1
"sherlock",0,2
"shi",0,1
"shield",0,1
"shill",0,1
"shills",0,1
"shimigami",0,1
"shit",0,69
"shits",0,2
"shittalk",0,1
"shitting",0,1
"shitty",0,4
"shitâ",0,1
"shocked",0,4
"shoe",0,1
"shool",0,2
"shoooting",0,1
"shoot",0,50
"shootee",0,1
"shooter",0,127
"shooteri",0,1
"shooterkind",0,1
"shooters",0,37
"shooterâ",0,1
"shooting",0,198
"shootingn",0,6
"shootingnnlets",0,1
"shootings",0,131
"shootingsdrills",0,1
"shootingskillings",0,1
"shootingsn",0,2
"shootingsnguns",0,1
"shootingsntop",0,1
"shootingsâ",0,1
"shootioh",0,1
"shootout",0,1
"shoots",0,3
"shop",0,1
"shopping",0,1
"short",0,4
"shot",0,39
"shoters",0,1
"shotgun",0,4
"shotguns",0,2
"shotings",0,1
"shots",0,3
"shotsrounds",0,1
"shotting",0,1
"shoud",0,2
"should",0,2
"shoulda",0,1
"shoulder",0,1
"shouldnt",0,3
"show",0,17
"showed",0,3
"showing",0,3
"shown",0,4
"shows",0,12
"showâ",0,1
"shred",0,2
"shut",0,13
"shutnseriously",0,1
"shutting",0,1
"siblings",0,3
"sic",0,1
"sick",0,18
"sickening",0,2
"sicknesses",0,1
"sickâ",0,1
"side",0,7
"sides",0,3
"siege",0,1
"sigh",0,1
"sight",0,2
"sighted",0,1
"sign",0,10
"signed",0,1
"significantly",0,2
"silence",0,1
"silent",0,1
"silently",0,1
"silly",0,2
"similar",0,3
"similarity",0,1
"similarly",0,1
"simple",0,13
"simply",0,16
"simplyâ",0,1
"simulate",0,1
"simulationnwhile",0,1
"simultaneously",0,1
"since",0,29
"single",0,13
"singling",0,1
"sink",0,3
"sinking",0,1
"sister",0,3
"sisternthat",0,1
"sisters",0,1
"sit",0,25
"site",0,5
"sites",0,1
"sitting",0,14
"situation",0,19
"situations",0,4
"size",0,2
"skateboarding",0,3
"skeet",0,1
"skew",0,2
"skewed",0,1
"skewl",0,1
"skill",0,2
"skills",0,2
"skinny",0,2
"skunk",0,1
"sky",0,1
"skyrocket",0,1
"skyrocketed",0,1
"skyview",0,2
"slap",0,2
"slaughter",0,2
"slaughtered",0,1
"slayer",0,1
"sleep",0,1
"slightest",0,1
"slim",0,1
"slippery",0,1
"slipping",0,1
"slope",0,1
"sloppy",0,1
"sloshxfâ",0,2
"sloth",0,1
"slow",0,1
"slowly",0,1
"slums",0,1
"small",0,15
"smaller",0,2
"smart",0,7
"smartass",0,4
"smarter",0,2
"smaryass",0,1
"smash",0,3
"smgs",0,1
"smh",0,9
"smiled",0,1
"smiling",0,2
"smoke",0,5
"smokes",0,1
"smuggling",0,1
"snakes",0,1
"snap",0,2
"snapped",0,1
"snapping",0,1
"snaps",0,1
"sneaked",0,1
"sneaky",0,1
"snethern",0,1
"sniper",0,6
"snipers",0,3
"snipperi",0,1
"snippet",0,1
"snowball",0,1
"snowplowsnban",0,1
"soccer",0,2
"social",0,4
"societies",0,1
"society",0,19
"socioeconomic",0,1
"sockpuppets",0,1
"sodergrenâ",0,1
"soft",0,1
"soil",0,2
"sold",0,3
"soldier",0,1
"soldiers",0,3
"sole",0,2
"solely",0,1
"solution",0,8
"solutions",0,1
"solutionâ",0,1
"solve",0,8
"solved",0,1
"some",0,12
"somebody",0,6
"someday",0,1
"somehow",0,3
"somekind",0,1
"someone",0,66
"someonenjust",0,1
"someones",0,1
"somethin",0,1
"something",0,70
"somethings",0,2
"sometimes",0,9
"somewhat",0,1
"somewhere",0,6
"son",0,4
"song",0,1
"songs",0,2
"sons",0,1
"soo",0,1
"soon",0,6
"sooner",0,1
"sooo",0,2
"sooooooo",0,1
"sophomore",0,1
"sore",0,1
"sorry",0,14
"sort",0,8
"soul",0,1
"sound",0,7
"sounded",0,1
"sounds",0,4
"soundtracks",0,1
"source",0,1
"sources",0,1
"south",0,3
"souzatherefore",0,1
"space",0,2
"spacegrace",0,1
"spaces",0,1
"spacing",0,1
"spainni",0,1
"spark",0,1
"sparkle",0,1
"sparring",0,1
"speak",0,10
"speaker",0,1
"speaking",0,1
"spears",0,1
"special",0,4
"specialized",0,1
"specially",0,1
"specific",0,4
"spectrum",0,1
"speech",0,6
"speeds",0,2
"speedy",0,1
"spell",0,1
"spelling",0,1
"spend",0,5
"spends",0,1
"spent",0,3
"spesific",0,1
"spin",0,2
"sport",0,1
"spot",0,6
"spotted",0,1
"spray",0,2
"spraying",0,3
"spread",0,4
"spreading",0,1
"spree",0,5
"sprees",0,1
"spreesnhands",0,1
"spreeâ",0,1
"spring",0,1
"sprouting",0,1
"squad",0,3
"square",0,1
"squirm",0,1
"sss",0,1
"stabbing",0,3
"stabbings",0,2
"stabs",0,1
"stacked",0,1
"staff",0,6
"stage",0,1
"staged",0,7
"staging",0,1
"stairs",0,2
"stalfos",0,1
"stalin",0,2
"stalker",0,1
"stall",0,1
"stallionâ",0,2
"stand",0,7
"standard",0,3
"standards",0,1
"standing",0,3
"standpoint",0,1
"stands",0,4
"stapler",0,1
"starbucks",0,1
"start",0,31
"started",0,17
"starterâ",0,1
"starting",0,4
"starts",0,7
"starve",0,1
"starving",0,2
"stastic",0,1
"state",0,11
"stated",0,2
"statement",0,5
"statementnn",0,1
"states",0,28
"statesâ",0,1
"stateâ",0,1
"stating",0,1
"station",0,5
"stations",0,1
"statistic",0,2
"statistical",0,3
"statistically",0,3
"statistics",0,15
"stats",0,1
"status",0,3
"stay",0,9
"stayed",0,2
"staying",0,4
"steadily",0,1
"stealing",0,2
"steel",0,2
"step",0,8
"stepnstep",0,2
"stereotype",0,1
"stereotypes",0,1
"sterrenâ",0,1
"steve",0,3
"stfu",0,2
"sti",0,1
"stick",0,1
"sticks",0,2
"stiff",0,1
"still",0,62
"stimulates",0,1
"stisâ",0,1
"stock",0,1
"stocked",0,1
"stockpile",0,1
"stolen",0,1
"stomach",0,1
"stomped",0,1
"stone",0,1
"stones",0,1
"stoneâ",0,1
"stop",0,67
"stope",0,1
"stopped",0,2
"stopping",0,1
"stops",0,2
"store",0,4
"stores",0,1
"stories",0,4
"storm",0,3
"story",0,10
"straaangennits",0,1
"straight",0,3
"strange",0,2
"stranger",0,2
"strategy",0,1
"straw",0,1
"street",0,5
"streethmm",0,1
"streets",0,2
"stress",0,2
"stressed",0,1
"stricken",0,5
"strickt",0,1
"strict",0,8
"stricter",0,8
"strictest",0,3
"strictlync",0,1
"strictlynnonly",0,1
"strike",0,1
"strikes",0,1
"striking",0,1
"strings",0,1
"strobe",0,2
"stroked",0,1
"strong",0,2
"stronger",0,2
"strongly",0,2
"struck",0,1
"struggle",0,2
"struggling",0,1
"strumming",0,1
"stubborn",0,1
"stuck",0,2
"studdering",0,1
"student",0,13
"students",0,41
"studentsâ",0,1
"studies",0,4
"study",0,4
"stuff",0,19
"stuffs",0,1
"stuffâ",0,1
"stuipid",0,1
"stumbled",0,1
"stump",0,2
"stun",0,1
"stunk",0,1
"stupid",0,47
"stupidity",0,1
"stupidndidnt",0,1
"styrofoam",0,1
"subconciously",0,1
"subdue",0,1
"subject",0,3
"subsequently",0,1
"substance",0,2
"substances",0,2
"substantiate",0,1
"suburbs",0,1
"succeeding",0,1
"success",0,2
"successful",0,3
"such",0,2
"suck",0,2
"sucking",0,1
"sucks",0,1
"sudan",0,1
"sudden",0,3
"suddenly",0,4
"sue",0,6
"sued",0,2
"sues",0,1
"suffer",0,1
"suffered",0,1
"suffice",0,1
"suggest",0,3
"suggested",0,2
"suggestion",0,1
"suicide",0,5
"suicides",0,1
"suing",0,2
"suit",0,1
"suited",0,1
"sum",0,1
"summernno",0,1
"sunday",0,2
"sunnah",0,1
"super",0,3
"superduperweaponerized",0,1
"superior",0,1
"superiority",0,1
"supermarket",0,1
"superstitious",0,1
"supply",0,1
"support",0,6
"supporters",0,1
"supportive",0,1
"supportâ",0,1
"suppose",0,3
"supposed",0,5
"supposition",0,1
"suprise",0,1
"sure",0,41
"surface",0,1
"surgery",0,1
"surprise",0,4
"surprised",0,4
"surprises",0,1
"surprising",0,1
"surrounded",0,2
"surrounding",0,3
"surveillance",0,1
"survive",0,2
"survived",0,2
"suspect",0,2
"suspicious",0,2
"swallow",0,1
"swarm",0,1
"swat",0,3
"swats",0,1
"swear",0,3
"sweden",0,1
"sweeping",0,1
"sweet",0,1
"sweetheart",0,1
"swimming",0,2
"swing",0,1
"switzerland",0,5
"sword",0,1
"swords",0,1
"sydney",0,1
"sylviaâ",0,1
"sympathy",0,3
"syndrome",0,2
"syria",0,2
"system",0,7
"systematically",0,2
"sâ",0,2
"table",0,3
"tables",0,7
"tacdemo",0,1
"tacitly",0,2
"tackle",0,3
"tackled",0,1
"tackling",0,2
"tactic",0,2
"tactical",0,1
"tactics",0,1
"tagged",0,1
"take",0,79
"taken",0,14
"takes",0,8
"taking",0,16
"talk",0,11
"talking",0,26
"tanks",0,1
"tanksnban",0,1
"tape",0,2
"tapped",0,1
"tapping",0,1
"target",0,10
"targeted",0,1
"targeting",0,1
"targets",0,1
"taser",0,3
"tasered",0,1
"tasering",0,1
"tasers",0,1
"tasked",0,1
"tasteful",0,3
"taught",0,4
"taxi",0,1
"taxpayer",0,1
"tazer",0,2
"tbh",0,3
"tea",0,1
"teach",0,17
"teacher",0,80
"teachers",0,81
"teachersni",0,1
"teachersnstep",0,1
"teaching",0,10
"teahed",0,1
"team",0,1
"tear",0,4
"tearing",0,1
"tears",0,3
"tech",0,15
"technically",0,2
"technique",0,1
"techniques",0,2
"technology",0,3
"teddy",0,1
"teenagers",0,3
"teens",0,1
"teeth",0,1
"teh",0,1
"televised",0,1
"tell",0,37
"telling",0,2
"tells",0,7
"temperature",0,1
"temple",0,1
"ten",0,12
"tend",0,2
"tendencies",0,4
"tenfold",0,1
"tenninfamous",0,1
"tennis",0,2
"tenntop",0,1
"term",0,2
"terrible",0,10
"terrified",0,2
"terrifies",0,1
"terrify",0,1
"terrifying",0,6
"territory",0,1
"terror",0,4
"terrorism",0,1
"terrorist",0,6
"terrorists",0,9
"terroristsnall",0,1
"terroristsnthe",0,1
"test",0,3
"tested",0,1
"testevery",0,1
"texas",0,11
"text",0,6
"texting",0,4
"than",0,1
"thank",0,7
"thankfully",0,3
"thanks",0,4
"that",0,35
"thats",0,57
"thdy",0,1
"theacher",0,1
"theachers",0,1
"theamazingchristianbigotnjust",0,1
"theater",0,5
"theaters",0,3
"theatre",0,3
"theawfulone",0,1
"theese",0,1
"their",0,3
"theirs",0,1
"them",0,4
"themahlyenkidyavol",0,1
"theme",0,2
"themself",0,1
"themselfs",0,1
"then",0,19
"theoretical",0,1
"theories",0,1
"theorists",0,1
"theory",0,2
"ther",0,1
"therapy",0,1
"there",0,50
"therefore",0,2
"theres",0,15
"thereâ",0,1
"therichest",0,1
"therngugy",0,1
"theronin",0,1
"theroninâ",0,2
"these",0,16
"theselfishaltruistâ",0,4
"theses",0,1
"thesmallvideomakerâ",0,3
"theuy",0,1
"they",0,62
"theyellowflowergirl",0,1
"theyll",0,1
"theyre",0,4
"theâ",0,1
"thief",0,1
"thin",0,1
"thing",0,45
"thingiesâ",0,1
"things",0,35
"thinking",0,14
"thinks",0,5
"third",0,4
"thirst",0,1
"thirty",0,3
"thisâ",0,2
"tho",0,5
"thone",0,1
"thorn",0,1
"thorough",0,2
"those",0,11
"though",0,23
"thought",0,28
"thoughts",0,2
"thousand",0,4
"thousands",0,7
"threat",0,12
"threaten",0,5
"threatened",0,1
"threatening",0,1
"threatens",0,2
"threats",0,4
"three",0,8
"threw",0,6
"thrill",0,1
"thriving",0,1
"throat",0,2
"through",0,2
"throughout",0,2
"throw",0,14
"throwing",0,10
"thrown",0,2
"throws",0,1
"thru",0,2
"thsese",0,1
"tht",0,1
"thud",0,1
"thug",0,1
"thunder",0,1
"thx",0,1
"ticket",0,5
"tickingâ",0,1
"tie",0,1
"tied",0,2
"tiered",0,1
"tight",0,1
"tightened",0,1
"tightening",0,1
"tighter",0,1
"tightest",0,1
"till",0,2
"time",0,78
"timei",0,1
"timennfunny",0,1
"timentop",0,1
"times",0,30
"timesnloosen",0,1
"timing",0,1
"tin",0,1
"tinfoilhat",0,1
"tip",0,2
"tire",0,1
"tired",0,4
"tirelessly",0,1
"title",0,1
"tjm",0,1
"today",0,12
"todays",0,1
"todayâ",0,1
"toddler",0,1
"together",0,4
"toilet",0,1
"token",0,1
"told",0,25
"toldnni",0,1
"toll",0,1
"tomato",0,1
"tomatoes",0,1
"tommy",0,1
"tomorrow",0,2
"tongues",0,1
"tons",0,3
"too",0,4
"took",0,16
"tool",0,5
"tools",0,3
"toot",0,1
"top",0,41
"topic",0,2
"topics",0,1
"topicsâ",0,1
"tops",0,3
"tornado",0,3
"torrance",0,1
"torranceâ",0,1
"torture",0,2
"tossed",0,1
"total",0,6
"totally",0,8
"touch",0,1
"tough",0,1
"tougher",0,1
"toveri",0,1
"toward",0,1
"towards",0,3
"tower",0,1
"towers",0,1
"town",0,2
"townnnswitzerland",0,1
"toysnhonestly",0,1
"tracking",0,1
"tractor",0,1
"trade",0,2
"trafficking",0,2
"tragedies",0,2
"tragedy",0,7
"tragedys",0,1
"tragic",0,16
"tragically",0,1
"trail",0,1
"trailer",0,1
"train",0,4
"trained",0,9
"training",0,29
"trainingâ",0,2
"trainingâu¢",0,1
"trainjng",0,1
"traitors",0,1
"tramitize",0,1
"transfer",0,2
"transpired",0,1
"transported",0,1
"trash",0,1
"trauma",0,3
"traumatic",0,1
"traumatised",0,1
"traumatize",0,1
"traumatizes",0,1
"traumatizing",0,1
"travel",0,1
"treachers",0,1
"treasonous",0,1
"treated",0,4
"treating",0,1
"treatment",0,6
"treatmentâ",0,1
"tree",0,1
"tremendous",0,1
"trevor",0,1
"trial",0,3
"trials",0,1
"tried",0,11
"trigger",0,9
"triggered",0,1
"triggernnhumans",0,1
"triggers",0,1
"triggerthey",0,1
"triggerâ",0,1
"trigging",0,1
"trillions",0,1
"trills",0,1
"tripped",0,1
"troll",0,1
"trolling",0,3
"trollingâ",0,1
"trolls",0,1
"trooper",0,1
"troubled",0,5
"troubling",0,1
"truck",0,1
"truckers",0,1
"true",0,21
"truealerts",0,1
"truly",0,8
"trump",0,1
"trunk",0,1
"trust",0,7
"trustworthy",0,1
"truth",0,3
"truther",0,1
"truthers",0,1
"try",0,28
"tryed",0,1
"trying",0,24
"tryingedgy",0,1
"tryna",0,1
"tsk",0,4
"tube",0,1
"tubes",0,1
"tubs",0,1
"tucson",0,4
"tumblr",0,2
"tumor",0,1
"tunes",0,1
"turf",0,2
"turmoil",0,1
"turn",0,20
"turned",0,5
"turning",0,1
"turns",0,3
"twain",0,1
"twat",0,1
"twice",0,3
"twin",0,1
"twisted",0,2
"two",0,26
"tyler",0,1
"type",0,17
"types",0,5
"typical",0,2
"ugh",0,1
"ughhh",0,1
"ugly",0,3
"ukrainetz",0,1
"ukrainetzâ",0,2
"uksooooo",0,1
"ukâ",0,1
"ull",0,1
"ultimate",0,3
"ultimately",0,1
"ultra",0,1
"umm",0,1
"umpqua",0,1
"unannounced",0,5
"unarmed",0,3
"unattractive",0,1
"unbelievable",0,1
"unbiased",0,1
"uncalled",0,1
"uncle",0,5
"uncommon",0,1
"unconstitutional",0,1
"undeadkingdomâ",0,1
"undeniable",0,1
"under",0,1
"underage",0,2
"underground",0,3
"underlying",0,1
"undermine",0,1
"underneath",0,4
"understand",0,21
"understandably",0,1
"understanding",0,3
"understandnyour",0,1
"understands",0,1
"understood",0,1
"undertake",0,3
"underwhelmingnand",0,1
"undoable",0,1
"uneducated",0,1
"unenforceable",0,3
"unfair",0,1
"unfeeling",0,1
"unfortunate",0,1
"uni",0,2
"unidentifiable",0,1
"uniform",0,1
"uninteresting",0,1
"unique",0,1
"united",0,19
"units",0,1
"university",0,3
"unknown",0,2
"unless",0,12
"unlike",0,1
"unlikely",0,2
"unloaded",0,1
"unlocking",0,1
"unlocks",0,1
"unnoticed",0,1
"unpickable",0,1
"unprotected",0,1
"unrealistic",0,2
"unreasonable",0,2
"unregistered",0,1
"unrelated",0,2
"unsafe",0,1
"unspeakable",0,1
"unstable",0,3
"unsubstantiated",0,1
"unsuccessfully",0,1
"unthinkable",0,1
"until",0,1
"untrue",0,1
"upbringing",0,1
"update",0,4
"updated",0,1
"updating",0,1
"uploaded",0,9
"upon",0,8
"uprising",0,1
"uproar",0,1
"ups",0,1
"upset",0,4
"upwards",0,1
"urbanized",0,1
"urself",0,1
"usa",0,29
"usanis",0,1
"use",0,62
"used",0,36
"useless",0,4
"user",0,1
"uses",0,4
"usguerillaâ",0,1
"using",0,23
"uslaws",0,1
"usnbelarus",0,1
"usnbrazil",0,1
"usnhow",0,1
"usnmexico",0,1
"usnnyou",0,1
"usnrussia",0,1
"usual",0,1
"usually",0,8
"usâ",0,2
"usðufu¡",0,1
"utilize",0,1
"utopia",0,4
"utter",0,1
"utterly",0,5
"uzis",0,2
"vacation",0,1
"vagina",0,1
"valentines",0,1
"valid",0,3
"valued",0,1
"values",0,1
"vampiro",0,1
"van",0,1
"vance",0,2
"vanmeterâ",0,1
"vapors",0,1
"variable",0,1
"varied",0,1
"various",0,3
"varying",0,1
"vast",0,7
"vava",0,2
"vehicle",0,1
"vehicular",0,1
"vender",0,1
"vendetta",0,1
"venting",0,1
"venture",0,1
"verbal",0,1
"verify",0,1
"vermont",0,5
"versus",0,1
"vertical",0,1
"very",0,3
"vessel",0,2
"vest",0,1
"vesting",0,1
"via",0,1
"vibrant",0,1
"victim",0,4
"victimized",0,1
"victims",0,18
"victimsâ",0,1
"vid",0,2
"video",0,58
"videos",0,5
"videosso",0,1
"videoâ",0,1
"vidgees",0,1
"view",0,2
"viewpoint",0,1
"views",0,1
"viewsnnso",0,1
"viewsnworst",0,1
"vigilanteâ",0,1
"vile",0,1
"violate",0,2
"violated",0,1
"violating",0,1
"violeence",0,1
"violence",0,54
"violenceâ",0,1
"violent",0,33
"virgin",0,2
"virgina",0,1
"virginia",0,13
"virgins",0,3
"virginsâ",0,1
"visit",0,2
"vista",0,3
"vital",0,1
"vithhurl",0,1
"vlogdokâ",0,1
"voice",0,2
"voices",0,1
"voltaire",0,1
"volume",0,1
"volunteer",0,2
"volunteers",0,1
"voom",0,1
"voomâ",0,1
"vote",0,2
"vulnerable",0,1
"waaaaay",0,1
"waddling",0,1
"wait",0,24
"waited",0,2
"waiting",0,11
"waits",0,1
"wake",0,8
"waldo",0,1
"walk",0,8
"walked",0,3
"walking",0,9
"walks",0,4
"wall",0,6
"walls",0,2
"walmart",0,1
"wana",0,1
"wanna",0,7
"wanne",0,1
"want",0,66
"wanted",0,11
"wanting",0,4
"wants",0,7
"war",0,19
"ward",0,1
"ware",0,1
"warlords",0,1
"warn",0,1
"warned",0,1
"warning",0,3
"warnings",0,1
"warren",0,1
"warring",0,1
"wars",0,10
"warâ",0,1
"was",0,9
"wasent",0,1
"wash",0,2
"washington",0,2
"wasnt",0,1
"wasp",0,1
"waste",0,3
"wasted",0,1
"watch",0,15
"watched",0,5
"watching",0,10
"watchmojo",0,12
"watchâ",0,1
"water",0,2
"watermelonsnthe",0,1
"wave",0,1
"way",0,78
"ways",0,11
"weak",0,2
"weaker",0,1
"weakest",0,1
"wealth",0,1
"weapon",0,16
"weaponnnhow",0,1
"weaponry",0,1
"weapons",0,39
"weaponsban",0,1
"weaponsncut",0,1
"weaponsnnsigned",0,1
"wear",0,2
"wearing",0,2
"web",0,2
"website",0,6
"wed",0,1
"wedge",0,1
"wednesday",0,1
"weed",0,2
"week",0,10
"weekly",0,1
"weeks",0,3
"weigh",0,2
"weird",0,6
"welcome",0,1
"welding",0,1
"welfare",0,1
"well",0,53
"wellfare",0,1
"wellnblack",0,1
"wellnwhite",0,1
"went",0,36
"wentâ",0,1
"weopon",0,1
"wer",0,1
"were",0,3
"west",0,4
"westboro",0,1
"western",0,5
"weve",0,1
"what",0,63
"whatever",0,4
"whats",0,8
"whatsoevernright",0,1
"whatâ",0,1
"wheel",0,2
"when",0,30
"whenever",0,2
"where",0,7
"whereas",0,2
"whether",0,5
"which",0,10
"while",0,3
"whilst",0,1
"whining",0,2
"whisky",0,2
"white",0,29
"whiten",0,1
"whites",0,3
"whitlow",0,3
"whitmans",0,1
"whitney",0,2
"whitout",0,2
"whittle",0,1
"who",0,7
"whoever",0,4
"whole",0,16
"whooo",0,1
"whos",0,4
"whose",0,2
"whut",0,1
"whyisthehumanracesocreul",0,1
"wide",0,2
"wider",0,1
"wierd",0,1
"wife",0,4
"wig",0,1
"wiggling",0,1
"wikipedia",0,1
"wild",0,1
"wildlife",0,1
"wilkinson",0,1
"wilkinsonâ",0,1
"willful",0,1
"willfully",0,1
"williams",0,1
"willing",0,4
"wilsonnshut",0,1
"wilsonâ",0,3
"win",0,3
"window",0,31
"windows",0,16
"wine",0,1
"winner",0,1
"winning",0,2
"wipe",0,1
"wired",0,1
"wise",0,1
"wish",0,9
"wished",0,2
"with",0,9
"within",0,11
"without",0,30
"witness",0,1
"witnessed",0,1
"wizard",0,1
"wloud",0,1
"woah",0,3
"wolvesâ",0,1
"woman",0,7
"women",0,3
"won",0,1
"wonder",0,10
"wondered",0,3
"wonderful",0,3
"wondering",0,1
"wont",0,7
"wood",0,1
"woods",0,3
"word",0,6
"wordntanks",0,1
"words",0,6
"wordâ",0,1
"work",0,34
"worked",0,5
"worker",0,2
"working",0,4
"worknnto",0,1
"works",0,6
"world",0,50
"worldnnthe",0,1
"worldnwell",0,1
"worlds",0,1
"worried",0,4
"worries",0,2
"worry",0,8
"worse",0,18
"worsenthat",0,1
"worst",0,17
"worth",0,1
"worthless",0,1
"worthy",0,2
"would",0,8
"wouldnt",0,5
"wouldnâ´t",0,1
"wounder",0,1
"wow",0,14
"wownnnow",0,1
"wpri",0,1
"wracking",0,1
"wrestle",0,1
"wrestling",0,1
"wright",0,1
"wrightâ",0,1
"wrist",0,1
"write",0,6
"writer",0,1
"writes",0,1
"writing",0,3
"written",0,2
"wrong",0,38
"wrongful",0,1
"wrongly",0,1
"wrote",0,4
"wtf",0,19
"wwi",0,2
"wwii",0,1
"wyatt",0,3
"wyd",0,1
"xdnkannst",0,1
"xdxd",0,1
"xmattycat",0,1
"xstylinsooohx",0,1
"yaaaaaaaaaa",0,1
"yaass",0,1
"yacriminals",0,1
"yadere",0,1
"yahhhhhhhh",0,1
"yankland",0,1
"yanks",0,2
"yard",0,1
"yay",0,1
"yea",0,7
"yeaah",0,1
"yeah",0,33
"year",0,49
"yearly",0,1
"years",0,44
"yearsâ",0,1
"yearâ",0,1
"yeh",0,1
"yell",0,1
"yellow",0,3
"yells",0,2
"yep",0,1
"yes",0,29
"yesterday",0,3
"yet",0,25
"yetb",0,1
"yirdro",0,1
"yknow",0,1
"yoshi",0,1
"youd",0,4
"young",0,5
"younger",0,1
"your",0,11
"youre",0,10
"youtube",0,16
"youtuber",0,4
"youâ",0,1
"yoy",0,1
"yrs",0,2
"ytrfytgfgj",0,1
"yup",0,2
"zealand",0,3
"zero",0,1
"zickefooseâ",0,1
"zigzag",0,1
"zionists",0,1
"zone",0,8
"zones",0,5
"zonesâ",0,1
"âuucnogunsallowedâuud",0,1
"âu¢",0,1
"âuºï¸uf",0,1
"å¤©çu¾äººç¥¸åuuaï¼u",0,1
"îuîu",0,1
"ï»¿",0,1
"ðufuu",0,6
"ðufuub",0,2
"ðufuubðufuf»ðufuºðufu¸",0,1
"ðufuufðufuufðufuufðufuuf",0,1
"ðufuunnif",0,1
"ðufuuðufuuðufuu",0,2
"ðufu«",0,1
"ðufu­",0,2
"ðufu­ðufu­ðufu­ðufu­ðufu­ðufu­ðufu­ðufu­ðufu­ðufu­ðufu­ðufu­ðufu­",0,1
"ðufu¶",0,1
"ð¡ð½ð°ñufð¾ð¸",0,2
